source_video,acquisition_utc,yfrf,pixel_row,x_start,x_end,t_start,t_end,crop_width,crop_height,top_no_data_margin_px,dt_seconds,selection_seed,selection_stratum,checkpoint_sha256,split,image_name,zero_pixels_outside_top_margin,saturated_pixel_fraction,water_level_m,Hs_m,Tp_s,peak_frequency_hz,mean_direction_deg,wind_speed_m_s,wind_gust_m_s,wind_direction_deg,solar_elevation_deg,solar_azimuth_deg,intensity_p01,intensity_p50,intensity_p99,annotation_status,orientation,label_status,annotation_source
ArgusFF_20211007T210100Z_RectifiedVideo,2021-10-07T21:01:00+00:00,600,900,0,500,1624,2136,512,500,74,0.5,20260901,camera_seam_600_800,3002a14ead1c20db08e0bdcb6b6ff41b38710e691c1844abd812bff48d37204f,train,ArgusFF_20211007T210100Z_y0600_f1624.png,,,-0.172,1.1497948169708252,5.279,0.1894375062328281,64.0547103881836,8.855555555555556,10.4,33.9999323411286,18.350604430712576,248.6654878621366,0.00,6.00,46.00,,,,
ArgusFF_20211007T210100Z_RectifiedVideo,2021-10-07T21:01:00+00:00,575,925,0,500,1678,2190,512,500,78,0.5,20260901,pier_around_550,3002a14ead1c20db08e0bdcb6b6ff41b38710e691c1844abd812bff48d37204f,train,ArgusFF_20211007T210100Z_y0575_f1678.png,,,-0.172,1.1497948169708252,5.279,0.1894375062328281,64.0547103881836,8.855555555555556,10.4,33.9999323411286,18.350604430712576,248.6654878621366,0.00,6.00,46.00,,,,
ArgusFF_20211007T210100Z_RectifiedVideo,2021-10-07T21:01:00+00:00,324,1176,0,500,1733,2245,512,500,75,0.5,20260901,random_uniform_yfrf,3002a14ead1c20db08e0bdcb6b6ff41b38710e691c1844abd812bff48d37204f,train,ArgusFF_20211007T210100Z_y0324_f1733.png,,,-0.172,1.1497948169708252,5.279,0.1894375062328281,64.0547103881836,8.855555555555556,10.4,33.9999323411286,18.350604430712576,248.6654878621366,0.00,16.00,49.00,,,,
ArgusFF_20211007T210100Z_RectifiedVideo,2021-10-07T21:01:00+00:00,525,975,0,500,1787,2299,512,500,69,0.5,20260901,pier_around_550,3002a14ead1c20db08e0bdcb6b6ff41b38710e691c1844abd812bff48d37204f,train,ArgusFF_20211007T210100Z_y0525_f1787.png,,,-0.172,1.1497948169708252,5.279,0.1894375062328281,64.0547103881836,8.855555555555556,10.4,33.9999323411286,18.350604430712576,248.6654878621366,0.00,5.00,43.00,,,,
ArgusFF_20211007T210100Z_RectifiedVideo,2021-10-07T21:01:00+00:00,420,1080,0,500,1842,2354,512,500,59,0.5,20260901,random_uniform_yfrf,3002a14ead1c20db08e0bdcb6b6ff41b38710e691c1844abd812bff48d37204f,train,ArgusFF_20211007T210100Z_y0420_f1842.png,,,-0.172,1.1497948169708252,5.279,0.1894375062328281,64.0547103881836,8.855555555555556,10.4,33.9999323411286,18.350604430712576,248.6654878621366,0.00,16.00,47.00,,,,
ArgusFF_20211007T210100Z_RectifiedVideo,2021-10-07T21:01:00+00:00,415,1085,0,500,1951,2463,512,500,60,0.5,20260901,random_uniform_yfrf,3002a14ead1c20db08e0bdcb6b6ff41b38710e691c1844abd812bff48d37204f,train,ArgusFF_20211007T210100Z_y0415_f1951.png,,,-0.172,1.1497948169708252,5.279,0.1894375062328281,64.0547103881836,8.855555555555556,10.4,33.9999323411286,18.350604430712576,248.6654878621366,0.00,15.00,46.00,,,,
ArgusFF_20211007T210100Z_RectifiedVideo,2021-10-07T21:01:00+00:00,550,950,0,500,2060,2572,512,500,64,0.5,20260901,pier_around_550,3002a14ead1c20db08e0bdcb6b6ff41b38710e691c1844abd812bff48d37204f,train,ArgusFF_20211007T210100Z_y0550_f2060.png,,,-0.172,1.1497948169708252,5.279,0.1894375062328281,64.0547103881836,8.855555555555556,10.4,33.9999323411286,18.350604430712576,248.6654878621366,0.00,8.00,44.00,,,,
ArgusFF_20211011T130100Z_RectifiedVideo,2021-10-11T13:01:00+00:00,1365,135,0,500,2246,2758,512,500,0,0.5,20260901,random_uniform_yfrf,3002a14ead1c20db08e0bdcb6b6ff41b38710e691c1844abd812bff48d37204f,train,ArgusFF_20211011T130100Z_y1365_f2246.png,,,0.718,2.1636838912963867,6.617,0.1511250033869148,56.47078323364258,12.3,16.7,13.429280668318341,21.46089337896834,116.32524960468443,32.00,136.00,255.00,,,,
ArgusFF_20211011T130100Z_RectifiedVideo,2021-10-11T13:01:00+00:00,415,1085,0,500,2253,2765,512,500,30,0.5,20260901,random_uniform_yfrf,3002a14ead1c20db08e0bdcb6b6ff41b38710e691c1844abd812bff48d37204f,train,ArgusFF_20211011T130100Z_y0415_f2253.png,,,0.718,2.1636838912963867,6.617,0.1511250033869148,56.47078323364258,12.3,16.7,13.429280668318341,21.46089337896834,116.32524960468443,0.00,169.00,255.00,,,,
ArgusFF_20211011T130100Z_RectifiedVideo,2021-10-11T13:01:00+00:00,324,1176,0,500,2259,2771,512,500,29,0.5,20260901,random_uniform_yfrf,3002a14ead1c20db08e0bdcb6b6ff41b38710e691c1844abd812bff48d37204f,train,ArgusFF_20211011T130100Z_y0324_f2259.png,,,0.718,2.1636838912963867,6.617,0.1511250033869148,56.47078323364258,12.3,16.7,13.429280668318341,21.46089337896834,116.32524960468443,0.00,193.00,255.00,,,,
ArgusFF_20211011T130100Z_RectifiedVideo,2021-10-11T13:01:00+00:00,525,975,0,500,2272,2784,512,500,69,0.5,20260901,pier_around_550,3002a14ead1c20db08e0bdcb6b6ff41b38710e691c1844abd812bff48d37204f,train,ArgusFF_20211011T130100Z_y0525_f2272.png,,,0.718,2.1636838912963867,6.617,0.1511250033869148,56.47078323364258,12.3,16.7,13.429280668318341,21.46089337896834,116.32524960468443,0.00,62.00,253.00,,,,
ArgusFF_20211011T130100Z_RectifiedVideo,2021-10-11T13:01:00+00:00,600,900,0,500,2283,2795,512,500,73,0.5,20260901,camera_seam_600_800,3002a14ead1c20db08e0bdcb6b6ff41b38710e691c1844abd812bff48d37204f,train,ArgusFF_20211011T130100Z_y0600_f2283.png,,,0.718,2.1636838912963867,6.617,0.1511250033869148,56.47078323364258,12.3,16.7,13.429280668318341,21.46089337896834,116.32524960468443,0.00,158.00,255.00,,,,
ArgusFF_20211011T130100Z_RectifiedVideo,2021-10-11T13:01:00+00:00,730,770,0,500,2294,2806,512,500,70,0.5,20260901,random_uniform_yfrf,3002a14ead1c20db08e0bdcb6b6ff41b38710e691c1844abd812bff48d37204f,train,ArgusFF_20211011T130100Z_y0730_f2294.png,,,0.718,2.1636838912963867,6.617,0.1511250033869148,56.47078323364258,12.3,16.7,13.429280668318341,21.46089337896834,116.32524960468443,0.00,154.00,255.00,,,,
ArgusFF_20211011T130100Z_RectifiedVideo,2021-10-11T13:01:00+00:00,420,1080,0,500,2305,2817,512,500,30,0.5,20260901,random_uniform_yfrf,3002a14ead1c20db08e0bdcb6b6ff41b38710e691c1844abd812bff48d37204f,train,ArgusFF_20211011T130100Z_y0420_f2305.png,,,0.718,2.1636838912963867,6.617,0.1511250033869148,56.47078323364258,12.3,16.7,13.429280668318341,21.46089337896834,116.32524960468443,0.00,175.00,255.00,,,,
ArgusFF_20211011T130100Z_RectifiedVideo,2021-10-11T13:01:00+00:00,821,679,0,500,2317,2829,512,500,20,0.5,20260901,random_uniform_yfrf,3002a14ead1c20db08e0bdcb6b6ff41b38710e691c1844abd812bff48d37204f,train,ArgusFF_20211011T130100Z_y0821_f2317.png,,,0.718,2.1636838912963867,6.617,0.1511250033869148,56.47078323364258,12.3,16.7,13.429280668318341,21.46089337896834,116.32524960468443,0.00,125.00,255.00,,,,
ArgusFF_20211011T130100Z_RectifiedVideo,2021-10-11T13:01:00+00:00,800,700,0,500,2328,2840,512,500,21,0.5,20260901,camera_seam_600_800,3002a14ead1c20db08e0bdcb6b6ff41b38710e691c1844abd812bff48d37204f,train,ArgusFF_20211011T130100Z_y0800_f2328.png,,,0.718,2.1636838912963867,6.617,0.1511250033869148,56.47078323364258,12.3,16.7,13.429280668318341,21.46089337896834,116.32524960468443,0.00,122.00,255.00,,,,
ArgusFF_20211011T130100Z_RectifiedVideo,2021-10-11T13:01:00+00:00,550,950,0,500,2339,2851,512,500,63,0.5,20260901,pier_around_550,3002a14ead1c20db08e0bdcb6b6ff41b38710e691c1844abd812bff48d37204f,train,ArgusFF_20211011T130100Z_y0550_f2339.png,,,0.718,2.1636838912963867,6.617,0.1511250033869148,56.47078323364258,12.3,16.7,13.429280668318341,21.46089337896834,116.32524960468443,0.00,156.00,255.00,,,,
ArgusFF_20211011T130100Z_RectifiedVideo,2021-10-11T13:01:00+00:00,766,734,0,500,2350,2862,512,500,23,0.5,20260901,random_uniform_yfrf,3002a14ead1c20db08e0bdcb6b6ff41b38710e691c1844abd812bff48d37204f,train,ArgusFF_20211011T130100Z_y0766_f2350.png,,,0.718,2.1636838912963867,6.617,0.1511250033869148,56.47078323364258,12.3,16.7,13.429280668318341,21.46089337896834,116.32524960468443,0.00,143.00,255.00,,,,
ArgusFF_20211011T130100Z_RectifiedVideo,2021-10-11T13:01:00+00:00,833,667,0,500,2362,2874,512,500,19,0.5,20260901,random_uniform_yfrf,3002a14ead1c20db08e0bdcb6b6ff41b38710e691c1844abd812bff48d37204f,train,ArgusFF_20211011T130100Z_y0833_f2362.png,,,0.718,2.1636838912963867,6.617,0.1511250033869148,56.47078323364258,12.3,16.7,13.429280668318341,21.46089337896834,116.32524960468443,0.00,139.00,255.00,,,,
ArgusFF_20211011T130100Z_RectifiedVideo,2021-10-11T13:01:00+00:00,1386,114,0,500,2373,2885,512,500,0,0.5,20260901,random_uniform_yfrf,3002a14ead1c20db08e0bdcb6b6ff41b38710e691c1844abd812bff48d37204f,train,ArgusFF_20211011T130100Z_y1386_f2373.png,,,0.718,2.1636838912963867,6.617,0.1511250033869148,56.47078323364258,12.3,16.7,13.429280668318341,21.46089337896834,116.32524960468443,33.00,155.00,255.00,,,,
ArgusFF_20211011T130100Z_RectifiedVideo,2021-10-11T13:01:00+00:00,1342,158,0,500,2384,2896,512,500,0,0.5,20260901,random_uniform_yfrf,3002a14ead1c20db08e0bdcb6b6ff41b38710e691c1844abd812bff48d37204f,train,ArgusFF_20211011T130100Z_y1342_f2384.png,,,0.718,2.1636838912963867,6.617,0.1511250033869148,56.47078323364258,12.3,16.7,13.429280668318341,21.46089337896834,116.32524960468443,34.00,147.00,255.00,,,,
ArgusFF_20211011T130100Z_RectifiedVideo,2021-10-11T13:01:00+00:00,750,750,0,500,2407,2919,512,500,23,0.5,20260901,camera_seam_600_800,3002a14ead1c20db08e0bdcb6b6ff41b38710e691c1844abd812bff48d37204f,train,ArgusFF_20211011T130100Z_y0750_f2407.png,,,0.718,2.1636838912963867,6.617,0.1511250033869148,56.47078323364258,12.3,16.7,13.429280668318341,21.46089337896834,116.32524960468443,0.00,156.00,255.00,,,,
ArgusFF_20211011T130100Z_RectifiedVideo,2021-10-11T13:01:00+00:00,983,517,0,500,2452,2964,512,500,12,0.5,20260901,random_uniform_yfrf,3002a14ead1c20db08e0bdcb6b6ff41b38710e691c1844abd812bff48d37204f,train,ArgusFF_20211011T130100Z_y0983_f2452.png,,,0.718,2.1636838912963867,6.617,0.1511250033869148,56.47078323364258,12.3,16.7,13.429280668318341,21.46089337896834,116.32524960468443,0.00,134.00,255.00,,,,
ArgusFF_20211012T133100Z_RectifiedVideo,2021-10-12T13:31:00+00:00,833,667,0,500,985,1497,512,500,19,0.5,20260901,random_uniform_yfrf,3002a14ead1c20db08e0bdcb6b6ff41b38710e691c1844abd812bff48d37204f,val,ArgusFF_20211012T133100Z_y0833_f0985.png,,,0.33,1.3731567859649658,9.190,0.10881249909199775,57.265438079833984,7.95,10.4,339.3918053067277,26.509055436239525,122.42787680171992,0.00,143.00,241.00,,,,
ArgusFF_20211012T133100Z_RectifiedVideo,2021-10-12T13:31:00+00:00,324,1176,0,500,1032,1544,512,500,29,0.5,20260901,random_uniform_yfrf,3002a14ead1c20db08e0bdcb6b6ff41b38710e691c1844abd812bff48d37204f,val,ArgusFF_20211012T133100Z_y0324_f1032.png,,,0.33,1.3731567859649658,9.190,0.10881249909199775,57.265438079833984,7.95,10.4,339.3918053067277,26.509055436239525,122.42787680171992,0.00,169.00,241.00,,,,
ArgusFF_20211012T133100Z_RectifiedVideo,2021-10-12T13:31:00+00:00,821,679,0,500,1104,1616,512,500,20,0.5,20260901,random_uniform_yfrf,3002a14ead1c20db08e0bdcb6b6ff41b38710e691c1844abd812bff48d37204f,val,ArgusFF_20211012T133100Z_y0821_f1104.png,,,0.33,1.3731567859649658,9.190,0.10881249909199775,57.265438079833984,7.95,10.4,339.3918053067277,26.509055436239525,122.42787680171992,0.00,151.00,244.00,,,,
ArgusFF_20211012T133100Z_RectifiedVideo,2021-10-12T13:31:00+00:00,730,770,0,500,1177,1689,512,500,73,0.5,20260901,random_uniform_yfrf,3002a14ead1c20db08e0bdcb6b6ff41b38710e691c1844abd812bff48d37204f,val,ArgusFF_20211012T133100Z_y0730_f1177.png,,,0.33,1.3731567859649658,9.190,0.10881249909199775,57.265438079833984,7.95,10.4,339.3918053067277,26.509055436239525,122.42787680171992,0.00,156.00,244.00,,,,
ArgusFF_20211012T133100Z_RectifiedVideo,2021-10-12T13:31:00+00:00,1365,135,0,500,1250,1762,512,500,0,0.5,20260901,random_uniform_yfrf,3002a14ead1c20db08e0bdcb6b6ff41b38710e691c1844abd812bff48d37204f,val,ArgusFF_20211012T133100Z_y1365_f1250.png,,,0.33,1.3731567859649658,9.190,0.10881249909199775,57.265438079833984,7.95,10.4,339.3918053067277,26.509055436239525,122.42787680171992,86.00,199.00,243.00,,,,
ArgusFF_20211012T133100Z_RectifiedVideo,2021-10-12T13:31:00+00:00,766,734,0,500,1323,1835,512,500,23,0.5,20260901,random_uniform_yfrf,3002a14ead1c20db08e0bdcb6b6ff41b38710e691c1844abd812bff48d37204f,val,ArgusFF_20211012T133100Z_y0766_f1323.png,,,0.33,1.3731567859649658,9.190,0.10881249909199775,57.265438079833984,7.95,10.4,339.3918053067277,26.509055436239525,122.42787680171992,0.00,168.00,249.00,,,,
ArgusFF_20211012T133100Z_RectifiedVideo,2021-10-12T13:31:00+00:00,420,1080,0,500,1468,1980,512,500,30,0.5,20260901,random_uniform_yfrf,3002a14ead1c20db08e0bdcb6b6ff41b38710e691c1844abd812bff48d37204f,val,ArgusFF_20211012T133100Z_y0420_f1468.png,,,0.33,1.3731567859649658,9.190,0.10881249909199775,57.265438079833984,7.95,10.4,339.3918053067277,26.509055436239525,122.42787680171992,0.00,195.00,251.00,,,,
ArgusFF_20211012T133100Z_RectifiedVideo,2021-10-12T13:31:00+00:00,833,667,0,500,1541,2053,512,500,19,0.5,20260901,random_uniform_yfrf,3002a14ead1c20db08e0bdcb6b6ff41b38710e691c1844abd812bff48d37204f,val,ArgusFF_20211012T133100Z_y0833_f1541.png,,,0.33,1.3731567859649658,9.190,0.10881249909199775,57.265438079833984,7.95,10.4,339.3918053067277,26.509055436239525,122.42787680171992,0.00,181.00,250.00,,,,
ArgusFF_20211012T133100Z_RectifiedVideo,2021-10-12T13:31:00+00:00,700,800,0,500,1614,2126,512,500,64,0.5,20260901,camera_seam_600_800,3002a14ead1c20db08e0bdcb6b6ff41b38710e691c1844abd812bff48d37204f,val,ArgusFF_20211012T133100Z_y0700_f1614.png,,,0.33,1.3731567859649658,9.190,0.10881249909199775,57.265438079833984,7.95,10.4,339.3918053067277,26.509055436239525,122.42787680171992,0.00,180.00,250.00,,,,
ArgusFF_20211012T133100Z_RectifiedVideo,2021-10-12T13:31:00+00:00,203,1297,0,500,1759,2271,512,500,28,0.5,20260901,random_uniform_yfrf,3002a14ead1c20db08e0bdcb6b6ff41b38710e691c1844abd812bff48d37204f,val,ArgusFF_20211012T133100Z_y0203_f1759.png,,,0.33,1.3731567859649658,9.190,0.10881249909199775,57.265438079833984,7.95,10.4,339.3918053067277,26.509055436239525,122.42787680171992,0.00,205.00,255.00,,,,
ArgusFF_20211012T133100Z_RectifiedVideo,2021-10-12T13:31:00+00:00,730,770,0,500,1832,2344,512,500,73,0.5,20260901,random_uniform_yfrf,3002a14ead1c20db08e0bdcb6b6ff41b38710e691c1844abd812bff48d37204f,val,ArgusFF_20211012T133100Z_y0730_f1832.png,,,0.33,1.3731567859649658,9.190,0.10881249909199775,57.265438079833984,7.95,10.4,339.3918053067277,26.509055436239525,122.42787680171992,0.00,183.00,251.00,,,,
ArgusFF_20211012T133100Z_RectifiedVideo,2021-10-12T13:31:00+00:00,1365,135,0,500,1905,2417,512,500,0,0.5,20260901,random_uniform_yfrf,3002a14ead1c20db08e0bdcb6b6ff41b38710e691c1844abd812bff48d37204f,val,ArgusFF_20211012T133100Z_y1365_f1905.png,,,0.33,1.3731567859649658,9.190,0.10881249909199775,57.265438079833984,7.95,10.4,339.3918053067277,26.509055436239525,122.42787680171992,109.00,216.00,252.00,,,,
ArgusFF_20211012T133100Z_RectifiedVideo,2021-10-12T13:31:00+00:00,821,679,0,500,2051,2563,512,500,20,0.5,20260901,random_uniform_yfrf,3002a14ead1c20db08e0bdcb6b6ff41b38710e691c1844abd812bff48d37204f,val,ArgusFF_20211012T133100Z_y0821_f2051.png,,,0.33,1.3731567859649658,9.190,0.10881249909199775,57.265438079833984,7.95,10.4,339.3918053067277,26.509055436239525,122.42787680171992,0.00,188.00,253.00,,,,
ArgusFF_20211012T133100Z_RectifiedVideo,2021-10-12T13:31:00+00:00,833,667,0,500,2124,2636,512,500,19,0.5,20260901,random_uniform_yfrf,3002a14ead1c20db08e0bdcb6b6ff41b38710e691c1844abd812bff48d37204f,val,ArgusFF_20211012T133100Z_y0833_f2124.png,,,0.33,1.3731567859649658,9.190,0.10881249909199775,57.265438079833984,7.95,10.4,339.3918053067277,26.509055436239525,122.42787680171992,0.00,191.00,254.00,,,,
ArgusFF_20211012T133100Z_RectifiedVideo,2021-10-12T13:31:00+00:00,1342,158,0,500,2197,2709,512,500,0,0.5,20260901,random_uniform_yfrf,3002a14ead1c20db08e0bdcb6b6ff41b38710e691c1844abd812bff48d37204f,val,ArgusFF_20211012T133100Z_y1342_f2197.png,,,0.33,1.3731567859649658,9.190,0.10881249909199775,57.265438079833984,7.95,10.4,339.3918053067277,26.509055436239525,122.42787680171992,99.00,220.00,253.00,,,,
ArgusFF_20211012T133100Z_RectifiedVideo,2021-10-12T13:31:00+00:00,203,1297,0,500,2271,2783,512,500,28,0.5,20260901,random_uniform_yfrf,3002a14ead1c20db08e0bdcb6b6ff41b38710e691c1844abd812bff48d37204f,val,ArgusFF_20211012T133100Z_y0203_f2271.png,,,0.33,1.3731567859649658,9.190,0.10881249909199775,57.265438079833984,7.95,10.4,339.3918053067277,26.509055436239525,122.42787680171992,0.00,204.00,255.00,,,,
ArgusFF_20211012T133100Z_RectifiedVideo,2021-10-12T13:31:00+00:00,420,1080,0,500,2310,2822,512,500,30,0.5,20260901,random_uniform_yfrf,3002a14ead1c20db08e0bdcb6b6ff41b38710e691c1844abd812bff48d37204f,val,ArgusFF_20211012T133100Z_y0420_f2310.png,,,0.33,1.3731567859649658,9.190,0.10881249909199775,57.265438079833984,7.95,10.4,339.3918053067277,26.509055436239525,122.42787680171992,0.00,187.00,254.00,,,,
ArgusFF_20211013T130100Z_RectifiedVideo,2021-10-13T13:01:00+00:00,1365,135,0,500,2061,2573,512,500,0,0.5,20260901,random_uniform_yfrf,3002a14ead1c20db08e0bdcb6b6ff41b38710e691c1844abd812bff48d37204f,test,ArgusFF_20211013T130100Z_y1365_f2061.png,,,-0.089,1.0920037031173706,10.866,0.09203125061711763,58.40212631225586,6.790000000000001,9.4,359.52747892572427,21.03134050979767,117.0047353265262,51.00,167.00,247.00,,,,
ArgusFF_20211013T130100Z_RectifiedVideo,2021-10-13T13:01:00+00:00,983,517,0,500,2096,2608,512,500,12,0.5,20260901,random_uniform_yfrf,3002a14ead1c20db08e0bdcb6b6ff41b38710e691c1844abd812bff48d37204f,test,ArgusFF_20211013T130100Z_y0983_f2096.png,,,-0.089,1.0920037031173706,10.866,0.09203125061711763,58.40212631225586,6.790000000000001,9.4,359.52747892572427,21.03134050979767,117.0047353265262,0.00,150.00,250.00,,,,
ArgusFF_20211013T130100Z_RectifiedVideo,2021-10-13T13:01:00+00:00,730,770,0,500,2131,2643,512,500,73,0.5,20260901,random_uniform_yfrf,3002a14ead1c20db08e0bdcb6b6ff41b38710e691c1844abd812bff48d37204f,test,ArgusFF_20211013T130100Z_y0730_f2131.png,,,-0.089,1.0920037031173706,10.866,0.09203125061711763,58.40212631225586,6.790000000000001,9.4,359.52747892572427,21.03134050979767,117.0047353265262,0.00,149.00,244.00,,,,
ArgusFF_20211013T130100Z_RectifiedVideo,2021-10-13T13:01:00+00:00,324,1176,0,500,2166,2678,512,500,29,0.5,20260901,random_uniform_yfrf,3002a14ead1c20db08e0bdcb6b6ff41b38710e691c1844abd812bff48d37204f,test,ArgusFF_20211013T130100Z_y0324_f2166.png,,,-0.089,1.0920037031173706,10.866,0.09203125061711763,58.40212631225586,6.790000000000001,9.4,359.52747892572427,21.03134050979767,117.0047353265262,0.00,167.00,254.00,,,,
ArgusFF_20211013T130100Z_RectifiedVideo,2021-10-13T13:01:00+00:00,415,1085,0,500,2184,2696,512,500,30,0.5,20260901,random_uniform_yfrf,3002a14ead1c20db08e0bdcb6b6ff41b38710e691c1844abd812bff48d37204f,test,ArgusFF_20211013T130100Z_y0415_f2184.png,,,-0.089,1.0920037031173706,10.866,0.09203125061711763,58.40212631225586,6.790000000000001,9.4,359.52747892572427,21.03134050979767,117.0047353265262,0.00,173.00,254.00,,,,
ArgusFF_20211013T130100Z_RectifiedVideo,2021-10-13T13:01:00+00:00,1386,114,0,500,2202,2714,512,500,0,0.5,20260901,random_uniform_yfrf,3002a14ead1c20db08e0bdcb6b6ff41b38710e691c1844abd812bff48d37204f,test,ArgusFF_20211013T130100Z_y1386_f2202.png,,,-0.089,1.0920037031173706,10.866,0.09203125061711763,58.40212631225586,6.790000000000001,9.4,359.52747892572427,21.03134050979767,117.0047353265262,48.00,165.00,250.00,,,,
ArgusFF_20211013T130100Z_RectifiedVideo,2021-10-13T13:01:00+00:00,420,1080,0,500,2220,2732,512,500,30,0.5,20260901,random_uniform_yfrf,3002a14ead1c20db08e0bdcb6b6ff41b38710e691c1844abd812bff48d37204f,test,ArgusFF_20211013T130100Z_y0420_f2220.png,,,-0.089,1.0920037031173706,10.866,0.09203125061711763,58.40212631225586,6.790000000000001,9.4,359.52747892572427,21.03134050979767,117.0047353265262,0.00,174.00,255.00,,,,
ArgusFF_20211013T130100Z_RectifiedVideo,2021-10-13T13:01:00+00:00,575,925,0,500,2238,2750,512,500,78,0.5,20260901,pier_around_550,3002a14ead1c20db08e0bdcb6b6ff41b38710e691c1844abd812bff48d37204f,test,ArgusFF_20211013T130100Z_y0575_f2238.png,,,-0.089,1.0920037031173706,10.866,0.09203125061711763,58.40212631225586,6.790000000000001,9.4,359.52747892572427,21.03134050979767,117.0047353265262,0.00,158.00,249.00,,,,
ArgusFF_20211013T130100Z_RectifiedVideo,2021-10-13T13:01:00+00:00,766,734,0,500,2256,2768,512,500,23,0.5,20260901,random_uniform_yfrf,3002a14ead1c20db08e0bdcb6b6ff41b38710e691c1844abd812bff48d37204f,test,ArgusFF_20211013T130100Z_y0766_f2256.png,,,-0.089,1.0920037031173706,10.866,0.09203125061711763,58.40212631225586,6.790000000000001,9.4,359.52747892572427,21.03134050979767,117.0047353265262,0.00,148.00,251.00,,,,
ArgusFF_20211013T130100Z_RectifiedVideo,2021-10-13T13:01:00+00:00,833,667,0,500,2274,2786,512,500,19,0.5,20260901,random_uniform_yfrf,3002a14ead1c20db08e0bdcb6b6ff41b38710e691c1844abd812bff48d37204f,test,ArgusFF_20211013T130100Z_y0833_f2274.png,,,-0.089,1.0920037031173706,10.866,0.09203125061711763,58.40212631225586,6.790000000000001,9.4,359.52747892572427,21.03134050979767,117.0047353265262,0.00,145.00,253.00,,,,
ArgusFF_20211013T130100Z_RectifiedVideo,2021-10-13T13:01:00+00:00,550,950,0,500,2292,2804,512,500,64,0.5,20260901,pier_around_550,3002a14ead1c20db08e0bdcb6b6ff41b38710e691c1844abd812bff48d37204f,test,ArgusFF_20211013T130100Z_y0550_f2292.png,,,-0.089,1.0920037031173706,10.866,0.09203125061711763,58.40212631225586,6.790000000000001,9.4,359.52747892572427,21.03134050979767,117.0047353265262,0.00,159.00,250.00,,,,
ArgusFF_20211013T130100Z_RectifiedVideo,2021-10-13T13:01:00+00:00,821,679,0,500,2310,2822,512,500,20,0.5,20260901,random_uniform_yfrf,3002a14ead1c20db08e0bdcb6b6ff41b38710e691c1844abd812bff48d37204f,test,ArgusFF_20211013T130100Z_y0821_f2310.png,,,-0.089,1.0920037031173706,10.866,0.09203125061711763,58.40212631225586,6.790000000000001,9.4,359.52747892572427,21.03134050979767,117.0047353265262,0.00,148.00,252.00,,,,
ArgusFF_20211013T130100Z_RectifiedVideo,2021-10-13T13:01:00+00:00,1342,158,0,500,2346,2858,512,500,0,0.5,20260901,random_uniform_yfrf,3002a14ead1c20db08e0bdcb6b6ff41b38710e691c1844abd812bff48d37204f,test,ArgusFF_20211013T130100Z_y1342_f2346.png,,,-0.089,1.0920037031173706,10.866,0.09203125061711763,58.40212631225586,6.790000000000001,9.4,359.52747892572427,21.03134050979767,117.0047353265262,53.00,164.00,251.00,,,,
ArgusFF_20211013T130100Z_RectifiedVideo,2021-10-13T13:01:00+00:00,600,900,0,500,2382,2894,512,500,74,0.5,20260901,camera_seam_600_800,3002a14ead1c20db08e0bdcb6b6ff41b38710e691c1844abd812bff48d37204f,test,ArgusFF_20211013T130100Z_y0600_f2382.png,,,-0.089,1.0920037031173706,10.866,0.09203125061711763,58.40212631225586,6.790000000000001,9.4,359.52747892572427,21.03134050979767,117.0047353265262,0.00,161.00,255.00,,,,
ArgusFF_20211013T130100Z_RectifiedVideo,2021-10-13T13:01:00+00:00,750,750,0,500,2418,2930,512,500,23,0.5,20260901,camera_seam_600_800,3002a14ead1c20db08e0bdcb6b6ff41b38710e691c1844abd812bff48d37204f,test,ArgusFF_20211013T130100Z_y0750_f2418.png,,,-0.089,1.0920037031173706,10.866,0.09203125061711763,58.40212631225586,6.790000000000001,9.4,359.52747892572427,21.03134050979767,117.0047353265262,0.00,149.00,252.00,,,,
ArgusFF_20211013T140100Z_RectifiedVideo,2021-10-13T14:01:00+00:00,203,1297,0,500,1246,1758,512,500,28,0.5,20260901,random_uniform_yfrf,3002a14ead1c20db08e0bdcb6b6ff41b38710e691c1844abd812bff48d37204f,train,ArgusFF_20211013T140100Z_y0203_f1246.png,,,0.076,1.0941636562347412,10.692,0.09353124662718748,58.99131393432617,6.890000000000001,9.1,16.10165425255278,31.172162197217283,129.1529169174915,0.00,80.00,161.00,,,,
ArgusFF_20211013T140100Z_RectifiedVideo,2021-10-13T14:01:00+00:00,821,679,0,500,1281,1793,512,500,20,0.5,20260901,random_uniform_yfrf,3002a14ead1c20db08e0bdcb6b6ff41b38710e691c1844abd812bff48d37204f,train,ArgusFF_20211013T140100Z_y0821_f1281.png,,,0.076,1.0941636562347412,10.692,0.09353124662718748,58.99131393432617,6.890000000000001,9.1,16.10165425255278,31.172162197217283,129.1529169174915,0.00,66.00,171.00,,,,
ArgusFF_20211013T140100Z_RectifiedVideo,2021-10-13T14:01:00+00:00,730,770,0,500,1316,1828,512,500,73,0.5,20260901,random_uniform_yfrf,3002a14ead1c20db08e0bdcb6b6ff41b38710e691c1844abd812bff48d37204f,train,ArgusFF_20211013T140100Z_y0730_f1316.png,,,0.076,1.0941636562347412,10.692,0.09353124662718748,58.99131393432617,6.890000000000001,9.1,16.10165425255278,31.172162197217283,129.1529169174915,0.00,69.00,161.00,,,,
ArgusFF_20211013T140100Z_RectifiedVideo,2021-10-13T14:01:00+00:00,420,1080,0,500,1387,1899,512,500,30,0.5,20260901,random_uniform_yfrf,3002a14ead1c20db08e0bdcb6b6ff41b38710e691c1844abd812bff48d37204f,train,ArgusFF_20211013T140100Z_y0420_f1387.png,,,0.076,1.0941636562347412,10.692,0.09353124662718748,58.99131393432617,6.890000000000001,9.1,16.10165425255278,31.172162197217283,129.1529169174915,0.00,92.00,172.00,,,,
ArgusFF_20211013T140100Z_RectifiedVideo,2021-10-13T14:01:00+00:00,833,667,0,500,1458,1970,512,500,19,0.5,20260901,random_uniform_yfrf,3002a14ead1c20db08e0bdcb6b6ff41b38710e691c1844abd812bff48d37204f,train,ArgusFF_20211013T140100Z_y0833_f1458.png,,,0.076,1.0941636562347412,10.692,0.09353124662718748,58.99131393432617,6.890000000000001,9.1,16.10165425255278,31.172162197217283,129.1529169174915,0.00,59.00,189.00,,,,
ArgusFF_20211013T140100Z_RectifiedVideo,2021-10-13T14:01:00+00:00,700,800,0,500,1529,2041,512,500,64,0.5,20260901,camera_seam_600_800,3002a14ead1c20db08e0bdcb6b6ff41b38710e691c1844abd812bff48d37204f,train,ArgusFF_20211013T140100Z_y0700_f1529.png,,,0.076,1.0941636562347412,10.692,0.09353124662718748,58.99131393432617,6.890000000000001,9.1,16.10165425255278,31.172162197217283,129.1529169174915,0.00,67.00,169.00,,,,
ArgusFF_20211013T140100Z_RectifiedVideo,2021-10-13T14:01:00+00:00,1365,135,0,500,1600,2112,512,500,0,0.5,20260901,random_uniform_yfrf,3002a14ead1c20db08e0bdcb6b6ff41b38710e691c1844abd812bff48d37204f,train,ArgusFF_20211013T140100Z_y1365_f1600.png,,,0.076,1.0941636562347412,10.692,0.09353124662718748,58.99131393432617,6.890000000000001,9.1,16.10165425255278,31.172162197217283,129.1529169174915,27.00,66.00,163.00,,,,
ArgusFF_20211013T140100Z_RectifiedVideo,2021-10-13T14:01:00+00:00,983,517,0,500,1671,2183,512,500,12,0.5,20260901,random_uniform_yfrf,3002a14ead1c20db08e0bdcb6b6ff41b38710e691c1844abd812bff48d37204f,train,ArgusFF_20211013T140100Z_y0983_f1671.png,,,0.076,1.0941636562347412,10.692,0.09353124662718748,58.99131393432617,6.890000000000001,9.1,16.10165425255278,31.172162197217283,129.1529169174915,0.00,56.00,171.00,,,,
ArgusFF_20211013T140100Z_RectifiedVideo,2021-10-13T14:01:00+00:00,415,1085,0,500,1742,2254,512,500,30,0.5,20260901,random_uniform_yfrf,3002a14ead1c20db08e0bdcb6b6ff41b38710e691c1844abd812bff48d37204f,train,ArgusFF_20211013T140100Z_y0415_f1742.png,,,0.076,1.0941636562347412,10.692,0.09353124662718748,58.99131393432617,6.890000000000001,9.1,16.10165425255278,31.172162197217283,129.1529169174915,0.00,85.00,179.00,,,,
ArgusFF_20211013T140100Z_RectifiedVideo,2021-10-13T14:01:00+00:00,800,700,0,500,1813,2325,512,500,21,0.5,20260901,camera_seam_600_800,3002a14ead1c20db08e0bdcb6b6ff41b38710e691c1844abd812bff48d37204f,train,ArgusFF_20211013T140100Z_y0800_f1813.png,,,0.076,1.0941636562347412,10.692,0.09353124662718748,58.99131393432617,6.890000000000001,9.1,16.10165425255278,31.172162197217283,129.1529169174915,0.00,37.00,171.00,,,,
ArgusFF_20211013T140100Z_RectifiedVideo,2021-10-13T14:01:00+00:00,730,770,0,500,1955,2467,512,500,73,0.5,20260901,random_uniform_yfrf,3002a14ead1c20db08e0bdcb6b6ff41b38710e691c1844abd812bff48d37204f,train,ArgusFF_20211013T140100Z_y0730_f1955.png,,,0.076,1.0941636562347412,10.692,0.09353124662718748,58.99131393432617,6.890000000000001,9.1,16.10165425255278,31.172162197217283,129.1529169174915,0.00,29.00,157.00,,,,
ArgusFF_20211013T140100Z_RectifiedVideo,2021-10-13T14:01:00+00:00,420,1080,0,500,2026,2538,512,500,30,0.5,20260901,random_uniform_yfrf,3002a14ead1c20db08e0bdcb6b6ff41b38710e691c1844abd812bff48d37204f,train,ArgusFF_20211013T140100Z_y0420_f2026.png,,,0.076,1.0941636562347412,10.692,0.09353124662718748,58.99131393432617,6.890000000000001,9.1,16.10165425255278,31.172162197217283,129.1529169174915,0.00,61.00,154.00,,,,
ArgusFF_20211013T140100Z_RectifiedVideo,2021-10-13T14:01:00+00:00,821,679,0,500,2097,2609,512,500,20,0.5,20260901,random_uniform_yfrf,3002a14ead1c20db08e0bdcb6b6ff41b38710e691c1844abd812bff48d37204f,train,ArgusFF_20211013T140100Z_y0821_f2097.png,,,0.076,1.0941636562347412,10.692,0.09353124662718748,58.99131393432617,6.890000000000001,9.1,16.10165425255278,31.172162197217283,129.1529169174915,0.00,22.00,144.00,,,,
ArgusFF_20211013T140100Z_RectifiedVideo,2021-10-13T14:01:00+00:00,833,667,0,500,2168,2680,512,500,19,0.5,20260901,random_uniform_yfrf,3002a14ead1c20db08e0bdcb6b6ff41b38710e691c1844abd812bff48d37204f,train,ArgusFF_20211013T140100Z_y0833_f2168.png,,,0.076,1.0941636562347412,10.692,0.09353124662718748,58.99131393432617,6.890000000000001,9.1,16.10165425255278,31.172162197217283,129.1529169174915,0.00,21.00,142.00,,,,
ArgusFF_20211013T140100Z_RectifiedVideo,2021-10-13T14:01:00+00:00,766,734,0,500,2239,2751,512,500,23,0.5,20260901,random_uniform_yfrf,3002a14ead1c20db08e0bdcb6b6ff41b38710e691c1844abd812bff48d37204f,train,ArgusFF_20211013T140100Z_y0766_f2239.png,,,0.076,1.0941636562347412,10.692,0.09353124662718748,58.99131393432617,6.890000000000001,9.1,16.10165425255278,31.172162197217283,129.1529169174915,0.00,19.00,127.00,,,,
ArgusFF_20211013T140100Z_RectifiedVideo,2021-10-13T14:01:00+00:00,983,517,0,500,2310,2822,512,500,12,0.5,20260901,random_uniform_yfrf,3002a14ead1c20db08e0bdcb6b6ff41b38710e691c1844abd812bff48d37204f,train,ArgusFF_20211013T140100Z_y0983_f2310.png,,,0.076,1.0941636562347412,10.692,0.09353124662718748,58.99131393432617,6.890000000000001,9.1,16.10165425255278,31.172162197217283,129.1529169174915,0.00,31.00,114.00,,,,
ArgusFF_20211013T140100Z_RectifiedVideo,2021-10-13T14:01:00+00:00,1365,135,0,500,2381,2893,512,500,0,0.5,20260901,random_uniform_yfrf,3002a14ead1c20db08e0bdcb6b6ff41b38710e691c1844abd812bff48d37204f,train,ArgusFF_20211013T140100Z_y1365_f2381.png,,,0.076,1.0941636562347412,10.692,0.09353124662718748,58.99131393432617,6.890000000000001,9.1,16.10165425255278,31.172162197217283,129.1529169174915,12.00,42.00,113.00,,,,
ArgusFF_20211013T143100Z_RectifiedVideo,2021-10-13T14:31:00+00:00,1365,135,0,500,1837,2349,512,500,0,0.5,20260901,random_uniform_yfrf,3002a14ead1c20db08e0bdcb6b6ff41b38710e691c1844abd812bff48d37204f,train,ArgusFF_20211013T143100Z_y1365_f1837.png,,,0.208,1.0769879817962646,10.046,0.09954687382814242,58.47148895263672,6.16,10.1,14.384106229219682,35.6158804807364,136.30092629617468,70.00,132.00,190.00,,,,
ArgusFF_20211013T143100Z_RectifiedVideo,2021-10-13T14:31:00+00:00,800,700,0,500,1880,2392,512,500,21,0.5,20260901,camera_seam_600_800,3002a14ead1c20db08e0bdcb6b6ff41b38710e691c1844abd812bff48d37204f,train,ArgusFF_20211013T143100Z_y0800_f1880.png,,,0.208,1.0769879817962646,10.046,0.09954687382814242,58.47148895263672,6.16,10.1,14.384106229219682,35.6158804807364,136.30092629617468,0.00,112.00,201.00,,,,
ArgusFF_20211013T143100Z_RectifiedVideo,2021-10-13T14:31:00+00:00,324,1176,0,500,1915,2427,512,500,29,0.5,20260901,random_uniform_yfrf,3002a14ead1c20db08e0bdcb6b6ff41b38710e691c1844abd812bff48d37204f,train,ArgusFF_20211013T143100Z_y0324_f1915.png,,,0.208,1.0769879817962646,10.046,0.09954687382814242,58.47148895263672,6.16,10.1,14.384106229219682,35.6158804807364,136.30092629617468,0.00,143.00,185.00,,,,
ArgusFF_20211013T143100Z_RectifiedVideo,2021-10-13T14:31:00+00:00,983,517,0,500,1950,2462,512,500,12,0.5,20260901,random_uniform_yfrf,3002a14ead1c20db08e0bdcb6b6ff41b38710e691c1844abd812bff48d37204f,train,ArgusFF_20211013T143100Z_y0983_f1950.png,,,0.208,1.0769879817962646,10.046,0.09954687382814242,58.47148895263672,6.16,10.1,14.384106229219682,35.6158804807364,136.30092629617468,0.00,125.00,220.00,,,,
ArgusFF_20211013T143100Z_RectifiedVideo,2021-10-13T14:31:00+00:00,1386,114,0,500,1985,2497,512,500,0,0.5,20260901,random_uniform_yfrf,3002a14ead1c20db08e0bdcb6b6ff41b38710e691c1844abd812bff48d37204f,train,ArgusFF_20211013T143100Z_y1386_f1985.png,,,0.208,1.0769879817962646,10.046,0.09954687382814242,58.47148895263672,6.16,10.1,14.384106229219682,35.6158804807364,136.30092629617468,73.00,138.00,203.00,,,,
ArgusFF_20211013T143100Z_RectifiedVideo,2021-10-13T14:31:00+00:00,1342,158,0,500,2020,2532,512,500,0,0.5,20260901,random_uniform_yfrf,3002a14ead1c20db08e0bdcb6b6ff41b38710e691c1844abd812bff48d37204f,train,ArgusFF_20211013T143100Z_y1342_f2020.png,,,0.208,1.0769879817962646,10.046,0.09954687382814242,58.47148895263672,6.16,10.1,14.384106229219682,35.6158804807364,136.30092629617468,81.00,139.00,218.00,,,,
ArgusFF_20211013T143100Z_RectifiedVideo,2021-10-13T14:31:00+00:00,833,667,0,500,2055,2567,512,500,19,0.5,20260901,random_uniform_yfrf,3002a14ead1c20db08e0bdcb6b6ff41b38710e691c1844abd812bff48d37204f,train,ArgusFF_20211013T143100Z_y0833_f2055.png,,,0.208,1.0769879817962646,10.046,0.09954687382814242,58.47148895263672,6.16,10.1,14.384106229219682,35.6158804807364,136.30092629617468,0.00,118.00,229.00,,,,
ArgusFF_20211013T143100Z_RectifiedVideo,2021-10-13T14:31:00+00:00,415,1085,0,500,2090,2602,512,500,30,0.5,20260901,random_uniform_yfrf,3002a14ead1c20db08e0bdcb6b6ff41b38710e691c1844abd812bff48d37204f,train,ArgusFF_20211013T143100Z_y0415_f2090.png,,,0.208,1.0769879817962646,10.046,0.09954687382814242,58.47148895263672,6.16,10.1,14.384106229219682,35.6158804807364,136.30092629617468,0.00,148.00,213.00,,,,
ArgusFF_20211013T143100Z_RectifiedVideo,2021-10-13T14:31:00+00:00,600,900,0,500,2161,2673,512,500,73,0.5,20260901,camera_seam_600_800,3002a14ead1c20db08e0bdcb6b6ff41b38710e691c1844abd812bff48d37204f,train,ArgusFF_20211013T143100Z_y0600_f2161.png,,,0.208,1.0769879817962646,10.046,0.09954687382814242,58.47148895263672,6.16,10.1,14.384106229219682,35.6158804807364,136.30092629617468,0.00,132.00,225.00,,,,
ArgusFF_20211013T143100Z_RectifiedVideo,2021-10-13T14:31:00+00:00,730,770,0,500,2231,2743,512,500,73,0.5,20260901,random_uniform_yfrf,3002a14ead1c20db08e0bdcb6b6ff41b38710e691c1844abd812bff48d37204f,train,ArgusFF_20211013T143100Z_y0730_f2231.png,,,0.208,1.0769879817962646,10.046,0.09954687382814242,58.47148895263672,6.16,10.1,14.384106229219682,35.6158804807364,136.30092629617468,0.00,123.00,234.00,,,,
ArgusFF_20211013T143100Z_RectifiedVideo,2021-10-13T14:31:00+00:00,420,1080,0,500,2301,2813,512,500,30,0.5,20260901,random_uniform_yfrf,3002a14ead1c20db08e0bdcb6b6ff41b38710e691c1844abd812bff48d37204f,train,ArgusFF_20211013T143100Z_y0420_f2301.png,,,0.208,1.0769879817962646,10.046,0.09954687382814242,58.47148895263672,6.16,10.1,14.384106229219682,35.6158804807364,136.30092629617468,0.00,163.00,232.00,,,,
ArgusFF_20211013T143100Z_RectifiedVideo,2021-10-13T14:31:00+00:00,821,679,0,500,2371,2883,512,500,20,0.5,20260901,random_uniform_yfrf,3002a14ead1c20db08e0bdcb6b6ff41b38710e691c1844abd812bff48d37204f,train,ArgusFF_20211013T143100Z_y0821_f2371.png,,,0.208,1.0769879817962646,10.046,0.09954687382814242,58.47148895263672,6.16,10.1,14.384106229219682,35.6158804807364,136.30092629617468,0.00,141.00,255.00,,,,
ArgusFF_20211013T143100Z_RectifiedVideo,2021-10-13T14:31:00+00:00,800,700,0,500,2406,2918,512,500,21,0.5,20260901,camera_seam_600_800,3002a14ead1c20db08e0bdcb6b6ff41b38710e691c1844abd812bff48d37204f,train,ArgusFF_20211013T143100Z_y0800_f2406.png,,,0.208,1.0769879817962646,10.046,0.09954687382814242,58.47148895263672,6.16,10.1,14.384106229219682,35.6158804807364,136.30092629617468,0.00,142.00,255.00,,,,
ArgusFF_20211013T143100Z_RectifiedVideo,2021-10-13T14:31:00+00:00,1365,135,0,500,2442,2954,512,500,0,0.5,20260901,random_uniform_yfrf,3002a14ead1c20db08e0bdcb6b6ff41b38710e691c1844abd812bff48d37204f,train,ArgusFF_20211013T143100Z_y1365_f2442.png,,,0.208,1.0769879817962646,10.046,0.09954687382814242,58.47148895263672,6.16,10.1,14.384106229219682,35.6158804807364,136.30092629617468,64.00,160.00,252.00,,,,
ArgusFF_20211013T143100Z_RectifiedVideo,2021-10-13T14:31:00+00:00,324,1176,0,500,2479,2991,512,500,29,0.5,20260901,random_uniform_yfrf,3002a14ead1c20db08e0bdcb6b6ff41b38710e691c1844abd812bff48d37204f,train,ArgusFF_20211013T143100Z_y0324_f2479.png,,,0.208,1.0769879817962646,10.046,0.09954687382814242,58.47148895263672,6.16,10.1,14.384106229219682,35.6158804807364,136.30092629617468,0.00,186.00,247.00,,,,
ArgusFF_20211013T143100Z_RectifiedVideo,2021-10-13T14:31:00+00:00,203,1297,0,500,2516,3028,512,500,28,0.5,20260901,random_uniform_yfrf,3002a14ead1c20db08e0bdcb6b6ff41b38710e691c1844abd812bff48d37204f,train,ArgusFF_20211013T143100Z_y0203_f2516.png,,,0.208,1.0769879817962646,10.046,0.09954687382814242,58.47148895263672,6.16,10.1,14.384106229219682,35.6158804807364,136.30092629617468,0.00,188.00,253.00,,,,
ArgusFF_20211013T160100Z_RectifiedVideo,2021-10-13T16:01:00+00:00,833,667,0,500,2340,2852,512,500,19,0.5,20260901,random_uniform_yfrf,3002a14ead1c20db08e0bdcb6b6ff41b38710e691c1844abd812bff48d37204f,train,ArgusFF_20211013T160100Z_y0833_f2340.png,,,0.546,1.1162817478179932,10.579,0.09453125183121305,57.20873260498047,5.54,7.8,8.302861242418523,44.85917383061182,163.09192326741118,0.00,73.00,255.00,,,,
ArgusFF_20211013T160100Z_RectifiedVideo,2021-10-13T16:01:00+00:00,1365,135,0,500,2375,2887,512,500,0,0.5,20260901,random_uniform_yfrf,3002a14ead1c20db08e0bdcb6b6ff41b38710e691c1844abd812bff48d37204f,train,ArgusFF_20211013T160100Z_y1365_f2375.png,,,0.546,1.1162817478179932,10.579,0.09453125183121305,57.20873260498047,5.54,7.8,8.302861242418523,44.85917383061182,163.09192326741118,45.00,92.00,255.00,,,,
ArgusFF_20211013T160100Z_RectifiedVideo,2021-10-13T16:01:00+00:00,1342,158,0,500,2393,2905,512,500,0,0.5,20260901,random_uniform_yfrf,3002a14ead1c20db08e0bdcb6b6ff41b38710e691c1844abd812bff48d37204f,train,ArgusFF_20211013T160100Z_y1342_f2393.png,,,0.546,1.1162817478179932,10.579,0.09453125183121305,57.20873260498047,5.54,7.8,8.302861242418523,44.85917383061182,163.09192326741118,48.00,93.00,255.00,,,,
ArgusFF_20211013T160100Z_RectifiedVideo,2021-10-13T16:01:00+00:00,550,950,0,500,2411,2923,512,500,64,0.5,20260901,pier_around_550,3002a14ead1c20db08e0bdcb6b6ff41b38710e691c1844abd812bff48d37204f,train,ArgusFF_20211013T160100Z_y0550_f2411.png,,,0.546,1.1162817478179932,10.579,0.09453125183121305,57.20873260498047,5.54,7.8,8.302861242418523,44.85917383061182,163.09192326741118,0.00,58.00,254.00,,,,
ArgusFF_20211013T160100Z_RectifiedVideo,2021-10-13T16:01:00+00:00,203,1297,0,500,2439,2951,512,500,28,0.5,20260901,random_uniform_yfrf,3002a14ead1c20db08e0bdcb6b6ff41b38710e691c1844abd812bff48d37204f,train,ArgusFF_20211013T160100Z_y0203_f2439.png,,,0.546,1.1162817478179932,10.579,0.09453125183121305,57.20873260498047,5.54,7.8,8.302861242418523,44.85917383061182,163.09192326741118,0.00,155.00,255.00,,,,
ArgusFF_20211013T160100Z_RectifiedVideo,2021-10-13T16:01:00+00:00,730,770,0,500,2467,2979,512,500,73,0.5,20260901,random_uniform_yfrf,3002a14ead1c20db08e0bdcb6b6ff41b38710e691c1844abd812bff48d37204f,train,ArgusFF_20211013T160100Z_y0730_f2467.png,,,0.546,1.1162817478179932,10.579,0.09453125183121305,57.20873260498047,5.54,7.8,8.302861242418523,44.85917383061182,163.09192326741118,0.00,70.00,255.00,,,,
ArgusFF_20211013T160100Z_RectifiedVideo,2021-10-13T16:01:00+00:00,600,900,0,500,2481,2993,512,500,73,0.5,20260901,camera_seam_600_800,3002a14ead1c20db08e0bdcb6b6ff41b38710e691c1844abd812bff48d37204f,train,ArgusFF_20211013T160100Z_y0600_f2481.png,,,0.546,1.1162817478179932,10.579,0.09453125183121305,57.20873260498047,5.54,7.8,8.302861242418523,44.85917383061182,163.09192326741118,0.00,65.00,255.00,,,,
ArgusFF_20211013T160100Z_RectifiedVideo,2021-10-13T16:01:00+00:00,821,679,0,500,2495,3007,512,500,20,0.5,20260901,random_uniform_yfrf,3002a14ead1c20db08e0bdcb6b6ff41b38710e691c1844abd812bff48d37204f,train,ArgusFF_20211013T160100Z_y0821_f2495.png,,,0.546,1.1162817478179932,10.579,0.09453125183121305,57.20873260498047,5.54,7.8,8.302861242418523,44.85917383061182,163.09192326741118,0.00,70.00,255.00,,,,
ArgusFF_20211013T160100Z_RectifiedVideo,2021-10-13T16:01:00+00:00,766,734,0,500,2523,3035,512,500,23,0.5,20260901,random_uniform_yfrf,3002a14ead1c20db08e0bdcb6b6ff41b38710e691c1844abd812bff48d37204f,train,ArgusFF_20211013T160100Z_y0766_f2523.png,,,0.546,1.1162817478179932,10.579,0.09453125183121305,57.20873260498047,5.54,7.8,8.302861242418523,44.85917383061182,163.09192326741118,0.00,69.00,255.00,,,,
ArgusFF_20211013T160100Z_RectifiedVideo,2021-10-13T16:01:00+00:00,650,850,0,500,2546,3058,512,500,69,0.5,20260901,camera_seam_600_800,3002a14ead1c20db08e0bdcb6b6ff41b38710e691c1844abd812bff48d37204f,train,ArgusFF_20211013T160100Z_y0650_f2546.png,,,0.546,1.1162817478179932,10.579,0.09453125183121305,57.20873260498047,5.54,7.8,8.302861242418523,44.85917383061182,163.09192326741118,0.00,67.00,255.00,,,,
ArgusFF_20211013T160100Z_RectifiedVideo,2021-10-13T16:01:00+00:00,750,750,0,500,2570,3082,512,500,23,0.5,20260901,camera_seam_600_800,3002a14ead1c20db08e0bdcb6b6ff41b38710e691c1844abd812bff48d37204f,train,ArgusFF_20211013T160100Z_y0750_f2570.png,,,0.546,1.1162817478179932,10.579,0.09453125183121305,57.20873260498047,5.54,7.8,8.302861242418523,44.85917383061182,163.09192326741118,0.00,65.00,255.00,,,,
ArgusFF_20211013T160100Z_RectifiedVideo,2021-10-13T16:01:00+00:00,324,1176,0,500,2586,3098,512,500,29,0.5,20260901,random_uniform_yfrf,3002a14ead1c20db08e0bdcb6b6ff41b38710e691c1844abd812bff48d37204f,train,ArgusFF_20211013T160100Z_y0324_f2586.png,,,0.546,1.1162817478179932,10.579,0.09453125183121305,57.20873260498047,5.54,7.8,8.302861242418523,44.85917383061182,163.09192326741118,0.00,124.00,255.00,,,,
ArgusFF_20211013T160100Z_RectifiedVideo,2021-10-13T16:01:00+00:00,575,925,0,500,2603,3115,512,500,77,0.5,20260901,pier_around_550,3002a14ead1c20db08e0bdcb6b6ff41b38710e691c1844abd812bff48d37204f,train,ArgusFF_20211013T160100Z_y0575_f2603.png,,,0.546,1.1162817478179932,10.579,0.09453125183121305,57.20873260498047,5.54,7.8,8.302861242418523,44.85917383061182,163.09192326741118,0.00,59.00,254.00,,,,
ArgusFF_20211013T160100Z_RectifiedVideo,2021-10-13T16:01:00+00:00,415,1085,0,500,2619,3131,512,500,30,0.5,20260901,random_uniform_yfrf,3002a14ead1c20db08e0bdcb6b6ff41b38710e691c1844abd812bff48d37204f,train,ArgusFF_20211013T160100Z_y0415_f2619.png,,,0.546,1.1162817478179932,10.579,0.09453125183121305,57.20873260498047,5.54,7.8,8.302861242418523,44.85917383061182,163.09192326741118,0.00,92.00,255.00,,,,
ArgusFF_20211013T160100Z_RectifiedVideo,2021-10-13T16:01:00+00:00,420,1080,0,500,2636,3148,512,500,30,0.5,20260901,random_uniform_yfrf,3002a14ead1c20db08e0bdcb6b6ff41b38710e691c1844abd812bff48d37204f,train,ArgusFF_20211013T160100Z_y0420_f2636.png,,,0.546,1.1162817478179932,10.579,0.09453125183121305,57.20873260498047,5.54,7.8,8.302861242418523,44.85917383061182,163.09192326741118,0.00,91.00,254.00,,,,
ArgusFF_20211014T120100Z_RectifiedVideo,2021-10-14T12:01:00+00:00,983,517,0,500,1322,1834,512,500,12,0.5,20260901,random_uniform_yfrf,3002a14ead1c20db08e0bdcb6b6ff41b38710e691c1844abd812bff48d37204f,train,ArgusFF_20211014T120100Z_y0983_f1322.png,,,-0.165,0.8308414816856384,9.362,0.10681250380717977,72.21791076660156,3.78,5.3,331.40194060838144,9.622093290838063,107.18589356459454,0.00,114.00,223.00,,,,
ArgusFF_20211014T120100Z_RectifiedVideo,2021-10-14T12:01:00+00:00,1365,135,0,500,1346,1858,512,500,0,0.5,20260901,random_uniform_yfrf,3002a14ead1c20db08e0bdcb6b6ff41b38710e691c1844abd812bff48d37204f,train,ArgusFF_20211014T120100Z_y1365_f1346.png,,,-0.165,0.8308414816856384,9.362,0.10681250380717977,72.21791076660156,3.78,5.3,331.40194060838144,9.622093290838063,107.18589356459454,36.00,124.00,244.00,,,,
ArgusFF_20211014T120100Z_RectifiedVideo,2021-10-14T12:01:00+00:00,1386,114,0,500,1370,1882,512,500,0,0.5,20260901,random_uniform_yfrf,3002a14ead1c20db08e0bdcb6b6ff41b38710e691c1844abd812bff48d37204f,train,ArgusFF_20211014T120100Z_y1386_f1370.png,,,-0.165,0.8308414816856384,9.362,0.10681250380717977,72.21791076660156,3.78,5.3,331.40194060838144,9.622093290838063,107.18589356459454,33.00,125.00,242.00,,,,
ArgusFF_20211014T120100Z_RectifiedVideo,2021-10-14T12:01:00+00:00,821,679,0,500,1418,1930,512,500,20,0.5,20260901,random_uniform_yfrf,3002a14ead1c20db08e0bdcb6b6ff41b38710e691c1844abd812bff48d37204f,train,ArgusFF_20211014T120100Z_y0821_f1418.png,,,-0.165,0.8308414816856384,9.362,0.10681250380717977,72.21791076660156,3.78,5.3,331.40194060838144,9.622093290838063,107.18589356459454,0.00,114.00,232.00,,,,
ArgusFF_20211014T120100Z_RectifiedVideo,2021-10-14T12:01:00+00:00,750,750,0,500,1466,1978,512,500,23,0.5,20260901,camera_seam_600_800,3002a14ead1c20db08e0bdcb6b6ff41b38710e691c1844abd812bff48d37204f,train,ArgusFF_20211014T120100Z_y0750_f1466.png,,,-0.165,0.8308414816856384,9.362,0.10681250380717977,72.21791076660156,3.78,5.3,331.40194060838144,9.622093290838063,107.18589356459454,0.00,118.00,226.00,,,,
ArgusFF_20211014T120100Z_RectifiedVideo,2021-10-14T12:01:00+00:00,730,770,0,500,1515,2027,512,500,73,0.5,20260901,random_uniform_yfrf,3002a14ead1c20db08e0bdcb6b6ff41b38710e691c1844abd812bff48d37204f,train,ArgusFF_20211014T120100Z_y0730_f1515.png,,,-0.165,0.8308414816856384,9.362,0.10681250380717977,72.21791076660156,3.78,5.3,331.40194060838144,9.622093290838063,107.18589356459454,0.00,123.00,219.00,,,,
ArgusFF_20211014T120100Z_RectifiedVideo,2021-10-14T12:01:00+00:00,1342,158,0,500,1563,2075,512,500,0,0.5,20260901,random_uniform_yfrf,3002a14ead1c20db08e0bdcb6b6ff41b38710e691c1844abd812bff48d37204f,train,ArgusFF_20211014T120100Z_y1342_f1563.png,,,-0.165,0.8308414816856384,9.362,0.10681250380717977,72.21791076660156,3.78,5.3,331.40194060838144,9.622093290838063,107.18589356459454,52.00,127.00,255.00,,,,
ArgusFF_20211014T120100Z_RectifiedVideo,2021-10-14T12:01:00+00:00,833,667,0,500,1611,2123,512,500,19,0.5,20260901,random_uniform_yfrf,3002a14ead1c20db08e0bdcb6b6ff41b38710e691c1844abd812bff48d37204f,train,ArgusFF_20211014T120100Z_y0833_f1611.png,,,-0.165,0.8308414816856384,9.362,0.10681250380717977,72.21791076660156,3.78,5.3,331.40194060838144,9.622093290838063,107.18589356459454,0.00,117.00,237.00,,,,
ArgusFF_20211014T120100Z_RectifiedVideo,2021-10-14T12:01:00+00:00,766,734,0,500,1708,2220,512,500,23,0.5,20260901,random_uniform_yfrf,3002a14ead1c20db08e0bdcb6b6ff41b38710e691c1844abd812bff48d37204f,train,ArgusFF_20211014T120100Z_y0766_f1708.png,,,-0.165,0.8308414816856384,9.362,0.10681250380717977,72.21791076660156,3.78,5.3,331.40194060838144,9.622093290838063,107.18589356459454,0.00,112.00,234.00,,,,
ArgusFF_20211014T120100Z_RectifiedVideo,2021-10-14T12:01:00+00:00,600,900,0,500,1804,2316,512,500,74,0.5,20260901,camera_seam_600_800,3002a14ead1c20db08e0bdcb6b6ff41b38710e691c1844abd812bff48d37204f,train,ArgusFF_20211014T120100Z_y0600_f1804.png,,,-0.165,0.8308414816856384,9.362,0.10681250380717977,72.21791076660156,3.78,5.3,331.40194060838144,9.622093290838063,107.18589356459454,0.00,136.00,204.00,,,,
ArgusFF_20211014T120100Z_RectifiedVideo,2021-10-14T12:01:00+00:00,1365,135,0,500,1901,2413,512,500,0,0.5,20260901,random_uniform_yfrf,3002a14ead1c20db08e0bdcb6b6ff41b38710e691c1844abd812bff48d37204f,train,ArgusFF_20211014T120100Z_y1365_f1901.png,,,-0.165,0.8308414816856384,9.362,0.10681250380717977,72.21791076660156,3.78,5.3,331.40194060838144,9.622093290838063,107.18589356459454,30.00,115.00,232.00,,,,
ArgusFF_20211014T120100Z_RectifiedVideo,2021-10-14T12:01:00+00:00,1386,114,0,500,1949,2461,512,500,0,0.5,20260901,random_uniform_yfrf,3002a14ead1c20db08e0bdcb6b6ff41b38710e691c1844abd812bff48d37204f,train,ArgusFF_20211014T120100Z_y1386_f1949.png,,,-0.165,0.8308414816856384,9.362,0.10681250380717977,72.21791076660156,3.78,5.3,331.40194060838144,9.622093290838063,107.18589356459454,28.00,115.00,228.00,,,,
ArgusFF_20211014T120100Z_RectifiedVideo,2021-10-14T12:01:00+00:00,983,517,0,500,1998,2510,512,500,12,0.5,20260901,random_uniform_yfrf,3002a14ead1c20db08e0bdcb6b6ff41b38710e691c1844abd812bff48d37204f,train,ArgusFF_20211014T120100Z_y0983_f1998.png,,,-0.165,0.8308414816856384,9.362,0.10681250380717977,72.21791076660156,3.78,5.3,331.40194060838144,9.622093290838063,107.18589356459454,0.00,108.00,203.00,,,,
ArgusFF_20211014T120100Z_RectifiedVideo,2021-10-14T12:01:00+00:00,750,750,0,500,2022,2534,512,500,23,0.5,20260901,camera_seam_600_800,3002a14ead1c20db08e0bdcb6b6ff41b38710e691c1844abd812bff48d37204f,train,ArgusFF_20211014T120100Z_y0750_f2022.png,,,-0.165,0.8308414816856384,9.362,0.10681250380717977,72.21791076660156,3.78,5.3,331.40194060838144,9.622093290838063,107.18589356459454,0.00,98.00,204.00,,,,
ArgusFF_20211014T120100Z_RectifiedVideo,2021-10-14T12:01:00+00:00,730,770,0,500,2046,2558,512,500,73,0.5,20260901,random_uniform_yfrf,3002a14ead1c20db08e0bdcb6b6ff41b38710e691c1844abd812bff48d37204f,train,ArgusFF_20211014T120100Z_y0730_f2046.png,,,-0.165,0.8308414816856384,9.362,0.10681250380717977,72.21791076660156,3.78,5.3,331.40194060838144,9.622093290838063,107.18589356459454,0.00,103.00,199.00,,,,
ArgusFF_20211014T120100Z_RectifiedVideo,2021-10-14T12:01:00+00:00,821,679,0,500,2095,2607,512,500,20,0.5,20260901,random_uniform_yfrf,3002a14ead1c20db08e0bdcb6b6ff41b38710e691c1844abd812bff48d37204f,train,ArgusFF_20211014T120100Z_y0821_f2095.png,,,-0.165,0.8308414816856384,9.362,0.10681250380717977,72.21791076660156,3.78,5.3,331.40194060838144,9.622093290838063,107.18589356459454,0.00,100.00,206.00,,,,
ArgusFF_20211014T123100Z_RectifiedVideo,2021-10-14T12:31:00+00:00,766,734,0,500,0,512,512,500,23,0.5,20260901,random_uniform_yfrf,3002a14ead1c20db08e0bdcb6b6ff41b38710e691c1844abd812bff48d37204f,train,ArgusFF_20211014T123100Z_y0766_f0000.png,,,-0.211,0.8284242153167725,8.845,0.11306250043129921,73.06697082519531,3.8899999999999997,5.2,339.8345410042087,15.319342373326045,112.07413713222971,0.00,115.00,235.00,,,,
ArgusFF_20211014T123100Z_RectifiedVideo,2021-10-14T12:31:00+00:00,420,1080,0,500,69,581,512,500,30,0.5,20260901,random_uniform_yfrf,3002a14ead1c20db08e0bdcb6b6ff41b38710e691c1844abd812bff48d37204f,train,ArgusFF_20211014T123100Z_y0420_f0069.png,,,-0.211,0.8284242153167725,8.845,0.11306250043129921,73.06697082519531,3.8899999999999997,5.2,339.8345410042087,15.319342373326045,112.07413713222971,0.00,167.00,255.00,,,,
ArgusFF_20211014T123100Z_RectifiedVideo,2021-10-14T12:31:00+00:00,415,1085,0,500,104,616,512,500,30,0.5,20260901,random_uniform_yfrf,3002a14ead1c20db08e0bdcb6b6ff41b38710e691c1844abd812bff48d37204f,train,ArgusFF_20211014T123100Z_y0415_f0104.png,,,-0.211,0.8284242153167725,8.845,0.11306250043129921,73.06697082519531,3.8899999999999997,5.2,339.8345410042087,15.319342373326045,112.07413713222971,0.00,170.00,255.00,,,,
ArgusFF_20211014T123100Z_RectifiedVideo,2021-10-14T12:31:00+00:00,833,667,0,500,139,651,512,500,19,0.5,20260901,random_uniform_yfrf,3002a14ead1c20db08e0bdcb6b6ff41b38710e691c1844abd812bff48d37204f,train,ArgusFF_20211014T123100Z_y0833_f0139.png,,,-0.211,0.8284242153167725,8.845,0.11306250043129921,73.06697082519531,3.8899999999999997,5.2,339.8345410042087,15.319342373326045,112.07413713222971,0.00,108.00,248.00,,,,
ArgusFF_20211014T123100Z_RectifiedVideo,2021-10-14T12:31:00+00:00,1365,135,0,500,209,721,512,500,0,0.5,20260901,random_uniform_yfrf,3002a14ead1c20db08e0bdcb6b6ff41b38710e691c1844abd812bff48d37204f,train,ArgusFF_20211014T123100Z_y1365_f0209.png,,,-0.211,0.8284242153167725,8.845,0.11306250043129921,73.06697082519531,3.8899999999999997,5.2,339.8345410042087,15.319342373326045,112.07413713222971,51.00,130.00,251.00,,,,
ArgusFF_20211014T123100Z_RectifiedVideo,2021-10-14T12:31:00+00:00,730,770,0,500,279,791,512,500,73,0.5,20260901,random_uniform_yfrf,3002a14ead1c20db08e0bdcb6b6ff41b38710e691c1844abd812bff48d37204f,train,ArgusFF_20211014T123100Z_y0730_f0279.png,,,-0.211,0.8284242153167725,8.845,0.11306250043129921,73.06697082519531,3.8899999999999997,5.2,339.8345410042087,15.319342373326045,112.07413713222971,0.00,137.00,244.00,,,,
ArgusFF_20211014T123100Z_RectifiedVideo,2021-10-14T12:31:00+00:00,821,679,0,500,349,861,512,500,20,0.5,20260901,random_uniform_yfrf,3002a14ead1c20db08e0bdcb6b6ff41b38710e691c1844abd812bff48d37204f,train,ArgusFF_20211014T123100Z_y0821_f0349.png,,,-0.211,0.8284242153167725,8.845,0.11306250043129921,73.06697082519531,3.8899999999999997,5.2,339.8345410042087,15.319342373326045,112.07413713222971,0.00,108.00,249.00,,,,
ArgusFF_20211014T123100Z_RectifiedVideo,2021-10-14T12:31:00+00:00,983,517,0,500,419,931,512,500,12,0.5,20260901,random_uniform_yfrf,3002a14ead1c20db08e0bdcb6b6ff41b38710e691c1844abd812bff48d37204f,train,ArgusFF_20211014T123100Z_y0983_f0419.png,,,-0.211,0.8284242153167725,8.845,0.11306250043129921,73.06697082519531,3.8899999999999997,5.2,339.8345410042087,15.319342373326045,112.07413713222971,0.00,123.00,249.00,,,,
ArgusFF_20211014T123100Z_RectifiedVideo,2021-10-14T12:31:00+00:00,1342,158,0,500,489,1001,512,500,0,0.5,20260901,random_uniform_yfrf,3002a14ead1c20db08e0bdcb6b6ff41b38710e691c1844abd812bff48d37204f,train,ArgusFF_20211014T123100Z_y1342_f0489.png,,,-0.211,0.8284242153167725,8.845,0.11306250043129921,73.06697082519531,3.8899999999999997,5.2,339.8345410042087,15.319342373326045,112.07413713222971,61.00,143.00,255.00,,,,
ArgusFF_20211014T123100Z_RectifiedVideo,2021-10-14T12:31:00+00:00,1386,114,0,500,559,1071,512,500,0,0.5,20260901,random_uniform_yfrf,3002a14ead1c20db08e0bdcb6b6ff41b38710e691c1844abd812bff48d37204f,train,ArgusFF_20211014T123100Z_y1386_f0559.png,,,-0.211,0.8284242153167725,8.845,0.11306250043129921,73.06697082519531,3.8899999999999997,5.2,339.8345410042087,15.319342373326045,112.07413713222971,57.00,145.00,254.00,,,,
ArgusFF_20211014T123100Z_RectifiedVideo,2021-10-14T12:31:00+00:00,833,667,0,500,1498,2010,512,500,19,0.5,20260901,random_uniform_yfrf,3002a14ead1c20db08e0bdcb6b6ff41b38710e691c1844abd812bff48d37204f,train,ArgusFF_20211014T123100Z_y0833_f1498.png,,,-0.211,0.8284242153167725,8.845,0.11306250043129921,73.06697082519531,3.8899999999999997,5.2,339.8345410042087,15.319342373326045,112.07413713222971,0.00,104.00,248.00,,,,
ArgusFF_20211014T123100Z_RectifiedVideo,2021-10-14T12:31:00+00:00,730,770,0,500,1633,2145,512,500,73,0.5,20260901,random_uniform_yfrf,3002a14ead1c20db08e0bdcb6b6ff41b38710e691c1844abd812bff48d37204f,train,ArgusFF_20211014T123100Z_y0730_f1633.png,,,-0.211,0.8284242153167725,8.845,0.11306250043129921,73.06697082519531,3.8899999999999997,5.2,339.8345410042087,15.319342373326045,112.07413713222971,0.00,123.00,234.00,,,,
ArgusFF_20211014T123100Z_RectifiedVideo,2021-10-14T12:31:00+00:00,575,925,0,500,1768,2280,512,500,78,0.5,20260901,pier_around_550,3002a14ead1c20db08e0bdcb6b6ff41b38710e691c1844abd812bff48d37204f,train,ArgusFF_20211014T123100Z_y0575_f1768.png,,,-0.211,0.8284242153167725,8.845,0.11306250043129921,73.06697082519531,3.8899999999999997,5.2,339.8345410042087,15.319342373326045,112.07413713222971,0.00,173.00,215.00,,,,
ArgusFF_20211014T123100Z_RectifiedVideo,2021-10-14T12:31:00+00:00,821,679,0,500,1903,2415,512,500,20,0.5,20260901,random_uniform_yfrf,3002a14ead1c20db08e0bdcb6b6ff41b38710e691c1844abd812bff48d37204f,train,ArgusFF_20211014T123100Z_y0821_f1903.png,,,-0.211,0.8284242153167725,8.845,0.11306250043129921,73.06697082519531,3.8899999999999997,5.2,339.8345410042087,15.319342373326045,112.07413713222971,0.00,124.00,251.00,,,,
ArgusFF_20211014T123100Z_RectifiedVideo,2021-10-14T12:31:00+00:00,800,700,0,500,1971,2483,512,500,21,0.5,20260901,camera_seam_600_800,3002a14ead1c20db08e0bdcb6b6ff41b38710e691c1844abd812bff48d37204f,train,ArgusFF_20211014T123100Z_y0800_f1971.png,,,-0.211,0.8284242153167725,8.845,0.11306250043129921,73.06697082519531,3.8899999999999997,5.2,339.8345410042087,15.319342373326045,112.07413713222971,0.00,121.00,252.00,,,,
ArgusFF_20211014T123100Z_RectifiedVideo,2021-10-14T12:31:00+00:00,833,667,0,500,2039,2551,512,500,19,0.5,20260901,random_uniform_yfrf,3002a14ead1c20db08e0bdcb6b6ff41b38710e691c1844abd812bff48d37204f,train,ArgusFF_20211014T123100Z_y0833_f2039.png,,,-0.211,0.8284242153167725,8.845,0.11306250043129921,73.06697082519531,3.8899999999999997,5.2,339.8345410042087,15.319342373326045,112.07413713222971,0.00,123.00,254.00,,,,
ArgusFF_20211014T130100Z_RectifiedVideo,2021-10-14T13:01:00+00:00,750,750,0,500,405,917,512,500,23,0.5,20260901,camera_seam_600_800,3002a14ead1c20db08e0bdcb6b6ff41b38710e691c1844abd812bff48d37204f,train,ArgusFF_20211014T130100Z_y0750_f0405.png,,,-0.239,0.8284242153167725,8.845,0.11306250043129921,73.06697082519531,3.8899999999999997,5.2,339.8345410042087,20.81444427573999,117.33827940879893,0.00,53.00,185.00,,,,
ArgusFF_20211014T130100Z_RectifiedVideo,2021-10-14T13:01:00+00:00,821,679,0,500,500,1012,512,500,20,0.5,20260901,random_uniform_yfrf,3002a14ead1c20db08e0bdcb6b6ff41b38710e691c1844abd812bff48d37204f,train,ArgusFF_20211014T130100Z_y0821_f0500.png,,,-0.239,0.8284242153167725,8.845,0.11306250043129921,73.06697082519531,3.8899999999999997,5.2,339.8345410042087,20.81444427573999,117.33827940879893,0.00,47.00,181.00,,,,
ArgusFF_20211014T130100Z_RectifiedVideo,2021-10-14T13:01:00+00:00,420,1080,0,500,548,1060,512,500,30,0.5,20260901,random_uniform_yfrf,3002a14ead1c20db08e0bdcb6b6ff41b38710e691c1844abd812bff48d37204f,train,ArgusFF_20211014T130100Z_y0420_f0548.png,,,-0.239,0.8284242153167725,8.845,0.11306250043129921,73.06697082519531,3.8899999999999997,5.2,339.8345410042087,20.81444427573999,117.33827940879893,0.00,120.00,255.00,,,,
ArgusFF_20211014T130100Z_RectifiedVideo,2021-10-14T13:01:00+00:00,1365,135,0,500,596,1108,512,500,0,0.5,20260901,random_uniform_yfrf,3002a14ead1c20db08e0bdcb6b6ff41b38710e691c1844abd812bff48d37204f,train,ArgusFF_20211014T130100Z_y1365_f0596.png,,,-0.239,0.8284242153167725,8.845,0.11306250043129921,73.06697082519531,3.8899999999999997,5.2,339.8345410042087,20.81444427573999,117.33827940879893,37.00,91.00,205.00,,,,
ArgusFF_20211014T130100Z_RectifiedVideo,2021-10-14T13:01:00+00:00,730,770,0,500,692,1204,512,500,73,0.5,20260901,random_uniform_yfrf,3002a14ead1c20db08e0bdcb6b6ff41b38710e691c1844abd812bff48d37204f,train,ArgusFF_20211014T130100Z_y0730_f0692.png,,,-0.239,0.8284242153167725,8.845,0.11306250043129921,73.06697082519531,3.8899999999999997,5.2,339.8345410042087,20.81444427573999,117.33827940879893,0.00,75.00,173.00,,,,
ArgusFF_20211014T130100Z_RectifiedVideo,2021-10-14T13:01:00+00:00,833,667,0,500,788,1300,512,500,19,0.5,20260901,random_uniform_yfrf,3002a14ead1c20db08e0bdcb6b6ff41b38710e691c1844abd812bff48d37204f,train,ArgusFF_20211014T130100Z_y0833_f0788.png,,,-0.239,0.8284242153167725,8.845,0.11306250043129921,73.06697082519531,3.8899999999999997,5.2,339.8345410042087,20.81444427573999,117.33827940879893,0.00,61.00,203.00,,,,
ArgusFF_20211014T130100Z_RectifiedVideo,2021-10-14T13:01:00+00:00,324,1176,0,500,883,1395,512,500,29,0.5,20260901,random_uniform_yfrf,3002a14ead1c20db08e0bdcb6b6ff41b38710e691c1844abd812bff48d37204f,train,ArgusFF_20211014T130100Z_y0324_f0883.png,,,-0.239,0.8284242153167725,8.845,0.11306250043129921,73.06697082519531,3.8899999999999997,5.2,339.8345410042087,20.81444427573999,117.33827940879893,0.00,139.00,255.00,,,,
ArgusFF_20211014T130100Z_RectifiedVideo,2021-10-14T13:01:00+00:00,983,517,0,500,979,1491,512,500,12,0.5,20260901,random_uniform_yfrf,3002a14ead1c20db08e0bdcb6b6ff41b38710e691c1844abd812bff48d37204f,train,ArgusFF_20211014T130100Z_y0983_f0979.png,,,-0.239,0.8284242153167725,8.845,0.11306250043129921,73.06697082519531,3.8899999999999997,5.2,339.8345410042087,20.81444427573999,117.33827940879893,0.00,66.00,226.00,,,,
ArgusFF_20211014T130100Z_RectifiedVideo,2021-10-14T13:01:00+00:00,821,679,0,500,1075,1587,512,500,20,0.5,20260901,random_uniform_yfrf,3002a14ead1c20db08e0bdcb6b6ff41b38710e691c1844abd812bff48d37204f,train,ArgusFF_20211014T130100Z_y0821_f1075.png,,,-0.239,0.8284242153167725,8.845,0.11306250043129921,73.06697082519531,3.8899999999999997,5.2,339.8345410042087,20.81444427573999,117.33827940879893,0.00,56.00,215.00,,,,
ArgusFF_20211014T130100Z_RectifiedVideo,2021-10-14T13:01:00+00:00,550,950,0,500,1171,1683,512,500,64,0.5,20260901,pier_around_550,3002a14ead1c20db08e0bdcb6b6ff41b38710e691c1844abd812bff48d37204f,train,ArgusFF_20211014T130100Z_y0550_f1171.png,,,-0.239,0.8284242153167725,8.845,0.11306250043129921,73.06697082519531,3.8899999999999997,5.2,339.8345410042087,20.81444427573999,117.33827940879893,0.00,132.00,168.00,,,,
ArgusFF_20211014T130100Z_RectifiedVideo,2021-10-14T13:01:00+00:00,800,700,0,500,1298,1810,512,500,21,0.5,20260901,camera_seam_600_800,3002a14ead1c20db08e0bdcb6b6ff41b38710e691c1844abd812bff48d37204f,train,ArgusFF_20211014T130100Z_y0800_f1298.png,,,-0.239,0.8284242153167725,8.845,0.11306250043129921,73.06697082519531,3.8899999999999997,5.2,339.8345410042087,20.81444427573999,117.33827940879893,0.00,51.00,220.00,,,,
ArgusFF_20211014T130100Z_RectifiedVideo,2021-10-14T13:01:00+00:00,730,770,0,500,1425,1937,512,500,73,0.5,20260901,random_uniform_yfrf,3002a14ead1c20db08e0bdcb6b6ff41b38710e691c1844abd812bff48d37204f,train,ArgusFF_20211014T130100Z_y0730_f1425.png,,,-0.239,0.8284242153167725,8.845,0.11306250043129921,73.06697082519531,3.8899999999999997,5.2,339.8345410042087,20.81444427573999,117.33827940879893,0.00,61.00,214.00,,,,
ArgusFF_20211014T130100Z_RectifiedVideo,2021-10-14T13:01:00+00:00,420,1080,0,500,1489,2001,512,500,30,0.5,20260901,random_uniform_yfrf,3002a14ead1c20db08e0bdcb6b6ff41b38710e691c1844abd812bff48d37204f,train,ArgusFF_20211014T130100Z_y0420_f1489.png,,,-0.239,0.8284242153167725,8.845,0.11306250043129921,73.06697082519531,3.8899999999999997,5.2,339.8345410042087,20.81444427573999,117.33827940879893,0.00,154.00,255.00,,,,
ArgusFF_20211014T130100Z_RectifiedVideo,2021-10-14T13:01:00+00:00,983,517,0,500,1553,2065,512,500,12,0.5,20260901,random_uniform_yfrf,3002a14ead1c20db08e0bdcb6b6ff41b38710e691c1844abd812bff48d37204f,train,ArgusFF_20211014T130100Z_y0983_f1553.png,,,-0.239,0.8284242153167725,8.845,0.11306250043129921,73.06697082519531,3.8899999999999997,5.2,339.8345410042087,20.81444427573999,117.33827940879893,0.00,77.00,218.00,,,,
ArgusFF_20211014T130100Z_RectifiedVideo,2021-10-14T13:01:00+00:00,324,1176,0,500,1618,2130,512,500,29,0.5,20260901,random_uniform_yfrf,3002a14ead1c20db08e0bdcb6b6ff41b38710e691c1844abd812bff48d37204f,train,ArgusFF_20211014T130100Z_y0324_f1618.png,,,-0.239,0.8284242153167725,8.845,0.11306250043129921,73.06697082519531,3.8899999999999997,5.2,339.8345410042087,20.81444427573999,117.33827940879893,0.00,161.00,255.00,,,,
ArgusFF_20211014T130100Z_RectifiedVideo,2021-10-14T13:01:00+00:00,415,1085,0,500,1681,2193,512,500,30,0.5,20260901,random_uniform_yfrf,3002a14ead1c20db08e0bdcb6b6ff41b38710e691c1844abd812bff48d37204f,train,ArgusFF_20211014T130100Z_y0415_f1681.png,,,-0.239,0.8284242153167725,8.845,0.11306250043129921,73.06697082519531,3.8899999999999997,5.2,339.8345410042087,20.81444427573999,117.33827940879893,0.00,157.00,255.00,,,,
ArgusFF_20211014T130100Z_RectifiedVideo,2021-10-14T13:01:00+00:00,833,667,0,500,1809,2321,512,500,19,0.5,20260901,random_uniform_yfrf,3002a14ead1c20db08e0bdcb6b6ff41b38710e691c1844abd812bff48d37204f,train,ArgusFF_20211014T130100Z_y0833_f1809.png,,,-0.239,0.8284242153167725,8.845,0.11306250043129921,73.06697082519531,3.8899999999999997,5.2,339.8345410042087,20.81444427573999,117.33827940879893,0.00,74.00,243.00,,,,
ArgusFF_20211014T130100Z_RectifiedVideo,2021-10-14T13:01:00+00:00,730,770,0,500,1937,2449,512,500,73,0.5,20260901,random_uniform_yfrf,3002a14ead1c20db08e0bdcb6b6ff41b38710e691c1844abd812bff48d37204f,train,ArgusFF_20211014T130100Z_y0730_f1937.png,,,-0.239,0.8284242153167725,8.845,0.11306250043129921,73.06697082519531,3.8899999999999997,5.2,339.8345410042087,20.81444427573999,117.33827940879893,0.00,90.00,232.00,,,,
ArgusFF_20211027T150100Z_RectifiedVideo,2021-10-27T15:01:00+00:00,203,1297,0,500,1035,1547,512,500,28,0.5,20260901,random_uniform_yfrf,3002a14ead1c20db08e0bdcb6b6ff41b38710e691c1844abd812bff48d37204f,train,ArgusFF_20211027T150100Z_y0203_f1035.png,,,0.775,1.1177327632904053,6.111,0.16364062690807568,35.20743179321289,9.27,13.3,318.5015353232212,35.23711439578286,147.83652921187382,0.00,132.00,255.00,,,,
ArgusFF_20211027T150100Z_RectifiedVideo,2021-10-27T15:01:00+00:00,1365,135,0,500,1858,2370,512,500,0,0.5,20260901,random_uniform_yfrf,3002a14ead1c20db08e0bdcb6b6ff41b38710e691c1844abd812bff48d37204f,train,ArgusFF_20211027T150100Z_y1365_f1858.png,,,0.775,1.1177327632904053,6.111,0.16364062690807568,35.20743179321289,9.27,13.3,318.5015353232212,35.23711439578286,147.83652921187382,36.00,82.00,254.00,,,,
ArgusFF_20211027T150100Z_RectifiedVideo,2021-10-27T15:01:00+00:00,1386,114,0,500,1896,2408,512,500,0,0.5,20260901,random_uniform_yfrf,3002a14ead1c20db08e0bdcb6b6ff41b38710e691c1844abd812bff48d37204f,train,ArgusFF_20211027T150100Z_y1386_f1896.png,,,0.775,1.1177327632904053,6.111,0.16364062690807568,35.20743179321289,9.27,13.3,318.5015353232212,35.23711439578286,147.83652921187382,42.00,83.00,255.00,,,,
ArgusFF_20211027T150100Z_RectifiedVideo,2021-10-27T15:01:00+00:00,1342,158,0,500,1934,2446,512,500,0,0.5,20260901,random_uniform_yfrf,3002a14ead1c20db08e0bdcb6b6ff41b38710e691c1844abd812bff48d37204f,train,ArgusFF_20211027T150100Z_y1342_f1934.png,,,0.775,1.1177327632904053,6.111,0.16364062690807568,35.20743179321289,9.27,13.3,318.5015353232212,35.23711439578286,147.83652921187382,39.00,83.00,255.00,,,,
ArgusFF_20211027T150100Z_RectifiedVideo,2021-10-27T15:01:00+00:00,800,700,0,500,2011,2523,512,500,21,0.5,20260901,camera_seam_600_800,3002a14ead1c20db08e0bdcb6b6ff41b38710e691c1844abd812bff48d37204f,train,ArgusFF_20211027T150100Z_y0800_f2011.png,,,0.775,1.1177327632904053,6.111,0.16364062690807568,35.20743179321289,9.27,13.3,318.5015353232212,35.23711439578286,147.83652921187382,0.00,59.00,255.00,,,,
ArgusFF_20211027T150100Z_RectifiedVideo,2021-10-27T15:01:00+00:00,203,1297,0,500,2028,2540,512,500,28,0.5,20260901,random_uniform_yfrf,3002a14ead1c20db08e0bdcb6b6ff41b38710e691c1844abd812bff48d37204f,train,ArgusFF_20211027T150100Z_y0203_f2028.png,,,0.775,1.1177327632904053,6.111,0.16364062690807568,35.20743179321289,9.27,13.3,318.5015353232212,35.23711439578286,147.83652921187382,0.00,160.00,255.00,,,,
ArgusFF_20211027T150100Z_RectifiedVideo,2021-10-27T15:01:00+00:00,420,1080,0,500,2045,2557,512,500,30,0.5,20260901,random_uniform_yfrf,3002a14ead1c20db08e0bdcb6b6ff41b38710e691c1844abd812bff48d37204f,train,ArgusFF_20211027T150100Z_y0420_f2045.png,,,0.775,1.1177327632904053,6.111,0.16364062690807568,35.20743179321289,9.27,13.3,318.5015353232212,35.23711439578286,147.83652921187382,0.00,99.00,255.00,,,,
ArgusFF_20211027T150100Z_RectifiedVideo,2021-10-27T15:01:00+00:00,700,800,0,500,2062,2574,512,500,64,0.5,20260901,camera_seam_600_800,3002a14ead1c20db08e0bdcb6b6ff41b38710e691c1844abd812bff48d37204f,train,ArgusFF_20211027T150100Z_y0700_f2062.png,,,0.775,1.1177327632904053,6.111,0.16364062690807568,35.20743179321289,9.27,13.3,318.5015353232212,35.23711439578286,147.83652921187382,0.00,52.00,254.00,,,,
ArgusFF_20211027T150100Z_RectifiedVideo,2021-10-27T15:01:00+00:00,821,679,0,500,2080,2592,512,500,20,0.5,20260901,random_uniform_yfrf,3002a14ead1c20db08e0bdcb6b6ff41b38710e691c1844abd812bff48d37204f,train,ArgusFF_20211027T150100Z_y0821_f2080.png,,,0.775,1.1177327632904053,6.111,0.16364062690807568,35.20743179321289,9.27,13.3,318.5015353232212,35.23711439578286,147.83652921187382,0.00,60.00,254.00,,,,
ArgusFF_20211027T150100Z_RectifiedVideo,2021-10-27T15:01:00+00:00,766,734,0,500,2097,2609,512,500,23,0.5,20260901,random_uniform_yfrf,3002a14ead1c20db08e0bdcb6b6ff41b38710e691c1844abd812bff48d37204f,train,ArgusFF_20211027T150100Z_y0766_f2097.png,,,0.775,1.1177327632904053,6.111,0.16364062690807568,35.20743179321289,9.27,13.3,318.5015353232212,35.23711439578286,147.83652921187382,0.00,55.00,255.00,,,,
ArgusFF_20211027T150100Z_RectifiedVideo,2021-10-27T15:01:00+00:00,833,667,0,500,2115,2627,512,500,19,0.5,20260901,random_uniform_yfrf,3002a14ead1c20db08e0bdcb6b6ff41b38710e691c1844abd812bff48d37204f,train,ArgusFF_20211027T150100Z_y0833_f2115.png,,,0.775,1.1177327632904053,6.111,0.16364062690807568,35.20743179321289,9.27,13.3,318.5015353232212,35.23711439578286,147.83652921187382,0.00,61.00,253.00,,,,
ArgusFF_20211027T150100Z_RectifiedVideo,2021-10-27T15:01:00+00:00,730,770,0,500,2150,2662,512,500,69,0.5,20260901,random_uniform_yfrf,3002a14ead1c20db08e0bdcb6b6ff41b38710e691c1844abd812bff48d37204f,train,ArgusFF_20211027T150100Z_y0730_f2150.png,,,0.775,1.1177327632904053,6.111,0.16364062690807568,35.20743179321289,9.27,13.3,318.5015353232212,35.23711439578286,147.83652921187382,0.00,48.00,254.00,,,,
ArgusFF_20211027T150100Z_RectifiedVideo,2021-10-27T15:01:00+00:00,575,925,0,500,2184,2696,512,500,77,0.5,20260901,pier_around_550,3002a14ead1c20db08e0bdcb6b6ff41b38710e691c1844abd812bff48d37204f,train,ArgusFF_20211027T150100Z_y0575_f2184.png,,,0.775,1.1177327632904053,6.111,0.16364062690807568,35.20743179321289,9.27,13.3,318.5015353232212,35.23711439578286,147.83652921187382,0.00,65.00,254.00,,,,
ArgusFF_20211027T150100Z_RectifiedVideo,2021-10-27T15:01:00+00:00,600,900,0,500,2219,2731,512,500,73,0.5,20260901,camera_seam_600_800,3002a14ead1c20db08e0bdcb6b6ff41b38710e691c1844abd812bff48d37204f,train,ArgusFF_20211027T150100Z_y0600_f2219.png,,,0.775,1.1177327632904053,6.111,0.16364062690807568,35.20743179321289,9.27,13.3,318.5015353232212,35.23711439578286,147.83652921187382,0.00,63.00,254.00,,,,
ArgusFF_20211027T150100Z_RectifiedVideo,2021-10-27T15:01:00+00:00,324,1176,0,500,2254,2766,512,500,29,0.5,20260901,random_uniform_yfrf,3002a14ead1c20db08e0bdcb6b6ff41b38710e691c1844abd812bff48d37204f,train,ArgusFF_20211027T150100Z_y0324_f2254.png,,,0.775,1.1177327632904053,6.111,0.16364062690807568,35.20743179321289,9.27,13.3,318.5015353232212,35.23711439578286,147.83652921187382,0.00,122.00,255.00,,,,
ArgusFF_20211027T150100Z_RectifiedVideo,2021-10-27T15:01:00+00:00,415,1085,0,500,2289,2801,512,500,30,0.5,20260901,random_uniform_yfrf,3002a14ead1c20db08e0bdcb6b6ff41b38710e691c1844abd812bff48d37204f,train,ArgusFF_20211027T150100Z_y0415_f2289.png,,,0.775,1.1177327632904053,6.111,0.16364062690807568,35.20743179321289,9.27,13.3,318.5015353232212,35.23711439578286,147.83652921187382,0.00,95.00,255.00,,,,
ArgusFF_20211028T140100Z_RectifiedVideo,2021-10-28T14:01:00+00:00,1386,114,0,500,1792,2304,512,500,0,0.5,20260901,random_uniform_yfrf,3002a14ead1c20db08e0bdcb6b6ff41b38710e691c1844abd812bff48d37204f,val,ArgusFF_20211028T140100Z_y1386_f1792.png,,,0.466,1.5013197660446167,12.010,0.08326562453347632,58.987979888916016,6.17,8.4,41.21765087553506,27.270942293501843,133.46491449830344,19.00,80.00,207.00,,,,
ArgusFF_20211028T140100Z_RectifiedVideo,2021-10-28T14:01:00+00:00,1365,135,0,500,1879,2391,512,500,0,0.5,20260901,random_uniform_yfrf,3002a14ead1c20db08e0bdcb6b6ff41b38710e691c1844abd812bff48d37204f,val,ArgusFF_20211028T140100Z_y1365_f1879.png,,,0.466,1.5013197660446167,12.010,0.08326562453347632,58.987979888916016,6.17,8.4,41.21765087553506,27.270942293501843,133.46491449830344,19.00,81.00,216.00,,,,
ArgusFF_20211028T140100Z_RectifiedVideo,2021-10-28T14:01:00+00:00,324,1176,0,500,1966,2478,512,500,29,0.5,20260901,random_uniform_yfrf,3002a14ead1c20db08e0bdcb6b6ff41b38710e691c1844abd812bff48d37204f,val,ArgusFF_20211028T140100Z_y0324_f1966.png,,,0.466,1.5013197660446167,12.010,0.08326562453347632,58.987979888916016,6.17,8.4,41.21765087553506,27.270942293501843,133.46491449830344,0.00,108.00,214.00,,,,
ArgusFF_20211028T140100Z_RectifiedVideo,2021-10-28T14:01:00+00:00,821,679,0,500,2028,2540,512,500,20,0.5,20260901,random_uniform_yfrf,3002a14ead1c20db08e0bdcb6b6ff41b38710e691c1844abd812bff48d37204f,val,ArgusFF_20211028T140100Z_y0821_f2028.png,,,0.466,1.5013197660446167,12.010,0.08326562453347632,58.987979888916016,6.17,8.4,41.21765087553506,27.270942293501843,133.46491449830344,0.00,66.00,222.00,,,,
ArgusFF_20211028T140100Z_RectifiedVideo,2021-10-28T14:01:00+00:00,800,700,0,500,2069,2581,512,500,21,0.5,20260901,camera_seam_600_800,3002a14ead1c20db08e0bdcb6b6ff41b38710e691c1844abd812bff48d37204f,val,ArgusFF_20211028T140100Z_y0800_f2069.png,,,0.466,1.5013197660446167,12.010,0.08326562453347632,58.987979888916016,6.17,8.4,41.21765087553506,27.270942293501843,133.46491449830344,0.00,70.00,223.00,,,,
ArgusFF_20211028T140100Z_RectifiedVideo,2021-10-28T14:01:00+00:00,203,1297,0,500,2111,2623,512,500,28,0.5,20260901,random_uniform_yfrf,3002a14ead1c20db08e0bdcb6b6ff41b38710e691c1844abd812bff48d37204f,val,ArgusFF_20211028T140100Z_y0203_f2111.png,,,0.466,1.5013197660446167,12.010,0.08326562453347632,58.987979888916016,6.17,8.4,41.21765087553506,27.270942293501843,133.46491449830344,0.00,125.00,211.00,,,,
ArgusFF_20211028T140100Z_RectifiedVideo,2021-10-28T14:01:00+00:00,1342,158,0,500,2156,2668,512,500,0,0.5,20260901,random_uniform_yfrf,3002a14ead1c20db08e0bdcb6b6ff41b38710e691c1844abd812bff48d37204f,val,ArgusFF_20211028T140100Z_y1342_f2156.png,,,0.466,1.5013197660446167,12.010,0.08326562453347632,58.987979888916016,6.17,8.4,41.21765087553506,27.270942293501843,133.46491449830344,20.00,79.00,231.00,,,,
ArgusFF_20211028T140100Z_RectifiedVideo,2021-10-28T14:01:00+00:00,730,770,0,500,2202,2714,512,500,73,0.5,20260901,random_uniform_yfrf,3002a14ead1c20db08e0bdcb6b6ff41b38710e691c1844abd812bff48d37204f,val,ArgusFF_20211028T140100Z_y0730_f2202.png,,,0.466,1.5013197660446167,12.010,0.08326562453347632,58.987979888916016,6.17,8.4,41.21765087553506,27.270942293501843,133.46491449830344,0.00,75.00,224.00,,,,
ArgusFF_20211028T140100Z_RectifiedVideo,2021-10-28T14:01:00+00:00,833,667,0,500,2248,2760,512,500,19,0.5,20260901,random_uniform_yfrf,3002a14ead1c20db08e0bdcb6b6ff41b38710e691c1844abd812bff48d37204f,val,ArgusFF_20211028T140100Z_y0833_f2248.png,,,0.466,1.5013197660446167,12.010,0.08326562453347632,58.987979888916016,6.17,8.4,41.21765087553506,27.270942293501843,133.46491449830344,0.00,47.00,233.00,,,,
ArgusFF_20211028T140100Z_RectifiedVideo,2021-10-28T14:01:00+00:00,983,517,0,500,2294,2806,512,500,12,0.5,20260901,random_uniform_yfrf,3002a14ead1c20db08e0bdcb6b6ff41b38710e691c1844abd812bff48d37204f,val,ArgusFF_20211028T140100Z_y0983_f2294.png,,,0.466,1.5013197660446167,12.010,0.08326562453347632,58.987979888916016,6.17,8.4,41.21765087553506,27.270942293501843,133.46491449830344,0.00,41.00,232.00,,,,
ArgusFF_20211028T140100Z_RectifiedVideo,2021-10-28T14:01:00+00:00,415,1085,0,500,2376,2888,512,500,30,0.5,20260901,random_uniform_yfrf,3002a14ead1c20db08e0bdcb6b6ff41b38710e691c1844abd812bff48d37204f,val,ArgusFF_20211028T140100Z_y0415_f2376.png,,,0.466,1.5013197660446167,12.010,0.08326562453347632,58.987979888916016,6.17,8.4,41.21765087553506,27.270942293501843,133.46491449830344,0.00,108.00,241.00,,,,
ArgusFF_20211028T140100Z_RectifiedVideo,2021-10-28T14:01:00+00:00,1365,135,0,500,2417,2929,512,500,0,0.5,20260901,random_uniform_yfrf,3002a14ead1c20db08e0bdcb6b6ff41b38710e691c1844abd812bff48d37204f,val,ArgusFF_20211028T140100Z_y1365_f2417.png,,,0.466,1.5013197660446167,12.010,0.08326562453347632,58.987979888916016,6.17,8.4,41.21765087553506,27.270942293501843,133.46491449830344,23.00,70.00,237.00,,,,
ArgusFF_20211028T140100Z_RectifiedVideo,2021-10-28T14:01:00+00:00,420,1080,0,500,2458,2970,512,500,30,0.5,20260901,random_uniform_yfrf,3002a14ead1c20db08e0bdcb6b6ff41b38710e691c1844abd812bff48d37204f,val,ArgusFF_20211028T140100Z_y0420_f2458.png,,,0.466,1.5013197660446167,12.010,0.08326562453347632,58.987979888916016,6.17,8.4,41.21765087553506,27.270942293501843,133.46491449830344,0.00,107.00,246.00,,,,
ArgusFF_20211028T140100Z_RectifiedVideo,2021-10-28T14:01:00+00:00,324,1176,0,500,2499,3011,512,500,29,0.5,20260901,random_uniform_yfrf,3002a14ead1c20db08e0bdcb6b6ff41b38710e691c1844abd812bff48d37204f,val,ArgusFF_20211028T140100Z_y0324_f2499.png,,,0.466,1.5013197660446167,12.010,0.08326562453347632,58.987979888916016,6.17,8.4,41.21765087553506,27.270942293501843,133.46491449830344,0.00,120.00,221.00,,,,
ArgusFF_20211028T140100Z_RectifiedVideo,2021-10-28T14:01:00+00:00,821,679,0,500,2540,3052,512,500,20,0.5,20260901,random_uniform_yfrf,3002a14ead1c20db08e0bdcb6b6ff41b38710e691c1844abd812bff48d37204f,val,ArgusFF_20211028T140100Z_y0821_f2540.png,,,0.466,1.5013197660446167,12.010,0.08326562453347632,58.987979888916016,6.17,8.4,41.21765087553506,27.270942293501843,133.46491449830344,0.00,49.00,246.00,,,,
ArgusFF_20211028T140100Z_RectifiedVideo,2021-10-28T14:01:00+00:00,203,1297,0,500,2623,3135,512,500,28,0.5,20260901,random_uniform_yfrf,3002a14ead1c20db08e0bdcb6b6ff41b38710e691c1844abd812bff48d37204f,val,ArgusFF_20211028T140100Z_y0203_f2623.png,,,0.466,1.5013197660446167,12.010,0.08326562453347632,58.987979888916016,6.17,8.4,41.21765087553506,27.270942293501843,133.46491449830344,0.00,126.00,234.00,,,,
ArgusFF_20211028T153100Z_RectifiedVideo,2021-10-28T15:31:00+00:00,983,517,0,500,2038,2550,512,500,12,0.5,20260901,random_uniform_yfrf,3002a14ead1c20db08e0bdcb6b6ff41b38710e691c1844abd812bff48d37204f,train,ArgusFF_20211028T153100Z_y0983_f2038.png,,,0.719,1.4799526929855347,12.268,0.0815156251834163,58.99467468261719,6.21,7.8,39.418956742392645,37.75631673436762,156.41652044652295,0.00,67.00,243.00,,,,
ArgusFF_20211028T153100Z_RectifiedVideo,2021-10-28T15:31:00+00:00,1342,158,0,500,2070,2582,512,500,0,0.5,20260901,random_uniform_yfrf,3002a14ead1c20db08e0bdcb6b6ff41b38710e691c1844abd812bff48d37204f,train,ArgusFF_20211028T153100Z_y1342_f2070.png,,,0.719,1.4799526929855347,12.268,0.0815156251834163,58.99467468261719,6.21,7.8,39.418956742392645,37.75631673436762,156.41652044652295,24.00,83.00,243.00,,,,
ArgusFF_20211028T153100Z_RectifiedVideo,2021-10-28T15:31:00+00:00,1386,114,0,500,2102,2614,512,500,0,0.5,20260901,random_uniform_yfrf,3002a14ead1c20db08e0bdcb6b6ff41b38710e691c1844abd812bff48d37204f,train,ArgusFF_20211028T153100Z_y1386_f2102.png,,,0.719,1.4799526929855347,12.268,0.0815156251834163,58.99467468261719,6.21,7.8,39.418956742392645,37.75631673436762,156.41652044652295,24.00,86.00,247.00,,,,
ArgusFF_20211028T153100Z_RectifiedVideo,2021-10-28T15:31:00+00:00,1365,135,0,500,2135,2647,512,500,0,0.5,20260901,random_uniform_yfrf,3002a14ead1c20db08e0bdcb6b6ff41b38710e691c1844abd812bff48d37204f,train,ArgusFF_20211028T153100Z_y1365_f2135.png,,,0.719,1.4799526929855347,12.268,0.0815156251834163,58.99467468261719,6.21,7.8,39.418956742392645,37.75631673436762,156.41652044652295,24.00,83.00,245.00,,,,
ArgusFF_20211028T153100Z_RectifiedVideo,2021-10-28T15:31:00+00:00,821,679,0,500,2183,2695,512,500,20,0.5,20260901,random_uniform_yfrf,3002a14ead1c20db08e0bdcb6b6ff41b38710e691c1844abd812bff48d37204f,train,ArgusFF_20211028T153100Z_y0821_f2183.png,,,0.719,1.4799526929855347,12.268,0.0815156251834163,58.99467468261719,6.21,7.8,39.418956742392645,37.75631673436762,156.41652044652295,0.00,76.00,248.00,,,,
ArgusFF_20211028T153100Z_RectifiedVideo,2021-10-28T15:31:00+00:00,550,950,0,500,2232,2744,512,500,63,0.5,20260901,pier_around_550,3002a14ead1c20db08e0bdcb6b6ff41b38710e691c1844abd812bff48d37204f,train,ArgusFF_20211028T153100Z_y0550_f2232.png,,,0.719,1.4799526929855347,12.268,0.0815156251834163,58.99467468261719,6.21,7.8,39.418956742392645,37.75631673436762,156.41652044652295,0.00,89.00,245.00,,,,
ArgusFF_20211028T153100Z_RectifiedVideo,2021-10-28T15:31:00+00:00,833,667,0,500,2275,2787,512,500,19,0.5,20260901,random_uniform_yfrf,3002a14ead1c20db08e0bdcb6b6ff41b38710e691c1844abd812bff48d37204f,train,ArgusFF_20211028T153100Z_y0833_f2275.png,,,0.719,1.4799526929855347,12.268,0.0815156251834163,58.99467468261719,6.21,7.8,39.418956742392645,37.75631673436762,156.41652044652295,0.00,59.00,248.00,,,,
ArgusFF_20211028T153100Z_RectifiedVideo,2021-10-28T15:31:00+00:00,420,1080,0,500,2319,2831,512,500,30,0.5,20260901,random_uniform_yfrf,3002a14ead1c20db08e0bdcb6b6ff41b38710e691c1844abd812bff48d37204f,train,ArgusFF_20211028T153100Z_y0420_f2319.png,,,0.719,1.4799526929855347,12.268,0.0815156251834163,58.99467468261719,6.21,7.8,39.418956742392645,37.75631673436762,156.41652044652295,0.00,100.00,247.00,,,,
ArgusFF_20211028T153100Z_RectifiedVideo,2021-10-28T15:31:00+00:00,800,700,0,500,2363,2875,512,500,21,0.5,20260901,camera_seam_600_800,3002a14ead1c20db08e0bdcb6b6ff41b38710e691c1844abd812bff48d37204f,train,ArgusFF_20211028T153100Z_y0800_f2363.png,,,0.719,1.4799526929855347,12.268,0.0815156251834163,58.99467468261719,6.21,7.8,39.418956742392645,37.75631673436762,156.41652044652295,0.00,68.00,247.00,,,,
ArgusFF_20211028T153100Z_RectifiedVideo,2021-10-28T15:31:00+00:00,730,770,0,500,2407,2919,512,500,70,0.5,20260901,random_uniform_yfrf,3002a14ead1c20db08e0bdcb6b6ff41b38710e691c1844abd812bff48d37204f,train,ArgusFF_20211028T153100Z_y0730_f2407.png,,,0.719,1.4799526929855347,12.268,0.0815156251834163,58.99467468261719,6.21,7.8,39.418956742392645,37.75631673436762,156.41652044652295,0.00,77.00,246.00,,,,
ArgusFF_20211028T153100Z_RectifiedVideo,2021-10-28T15:31:00+00:00,700,800,0,500,2450,2962,512,500,64,0.5,20260901,camera_seam_600_800,3002a14ead1c20db08e0bdcb6b6ff41b38710e691c1844abd812bff48d37204f,train,ArgusFF_20211028T153100Z_y0700_f2450.png,,,0.719,1.4799526929855347,12.268,0.0815156251834163,58.99467468261719,6.21,7.8,39.418956742392645,37.75631673436762,156.41652044652295,0.00,86.00,239.00,,,,
ArgusFF_20211028T153100Z_RectifiedVideo,2021-10-28T15:31:00+00:00,324,1176,0,500,2494,3006,512,500,29,0.5,20260901,random_uniform_yfrf,3002a14ead1c20db08e0bdcb6b6ff41b38710e691c1844abd812bff48d37204f,train,ArgusFF_20211028T153100Z_y0324_f2494.png,,,0.719,1.4799526929855347,12.268,0.0815156251834163,58.99467468261719,6.21,7.8,39.418956742392645,37.75631673436762,156.41652044652295,0.00,112.00,246.00,,,,
ArgusFF_20211028T153100Z_RectifiedVideo,2021-10-28T15:31:00+00:00,766,734,0,500,2522,3034,512,500,23,0.5,20260901,random_uniform_yfrf,3002a14ead1c20db08e0bdcb6b6ff41b38710e691c1844abd812bff48d37204f,train,ArgusFF_20211028T153100Z_y0766_f2522.png,,,0.719,1.4799526929855347,12.268,0.0815156251834163,58.99467468261719,6.21,7.8,39.418956742392645,37.75631673436762,156.41652044652295,0.00,62.00,240.00,,,,
ArgusFF_20211028T153100Z_RectifiedVideo,2021-10-28T15:31:00+00:00,983,517,0,500,2550,3062,512,500,12,0.5,20260901,random_uniform_yfrf,3002a14ead1c20db08e0bdcb6b6ff41b38710e691c1844abd812bff48d37204f,train,ArgusFF_20211028T153100Z_y0983_f2550.png,,,0.719,1.4799526929855347,12.268,0.0815156251834163,58.99467468261719,6.21,7.8,39.418956742392645,37.75631673436762,156.41652044652295,0.00,45.00,242.00,,,,
ArgusFF_20211028T153100Z_RectifiedVideo,2021-10-28T15:31:00+00:00,1342,158,0,500,2582,3094,512,500,0,0.5,20260901,random_uniform_yfrf,3002a14ead1c20db08e0bdcb6b6ff41b38710e691c1844abd812bff48d37204f,train,ArgusFF_20211028T153100Z_y1342_f2582.png,,,0.719,1.4799526929855347,12.268,0.0815156251834163,58.99467468261719,6.21,7.8,39.418956742392645,37.75631673436762,156.41652044652295,24.00,81.00,241.00,,,,
ArgusFF_20211028T153100Z_RectifiedVideo,2021-10-28T15:31:00+00:00,415,1085,0,500,2650,3162,512,500,30,0.5,20260901,random_uniform_yfrf,3002a14ead1c20db08e0bdcb6b6ff41b38710e691c1844abd812bff48d37204f,train,ArgusFF_20211028T153100Z_y0415_f2650.png,,,0.719,1.4799526929855347,12.268,0.0815156251834163,58.99467468261719,6.21,7.8,39.418956742392645,37.75631673436762,156.41652044652295,0.00,98.00,240.00,,,,
ArgusFF_20211029T143100Z_RectifiedVideo,2021-10-29T14:31:00+00:00,1365,135,0,500,1398,1910,512,500,0,0.5,20260901,random_uniform_yfrf,3002a14ead1c20db08e0bdcb6b6ff41b38710e691c1844abd812bff48d37204f,test,ArgusFF_20211029T143100Z_y1365_f1398.png,,,0.461,2.1505589485168457,13.605,0.07350000070095063,80.82916259765625,10.74,13.3,140.93456440082804,31.12234126647085,140.60852105950755,33.00,86.00,206.00,,,,
ArgusFF_20211029T143100Z_RectifiedVideo,2021-10-29T14:31:00+00:00,1342,158,0,500,1449,1961,512,500,0,0.5,20260901,random_uniform_yfrf,3002a14ead1c20db08e0bdcb6b6ff41b38710e691c1844abd812bff48d37204f,test,ArgusFF_20211029T143100Z_y1342_f1449.png,,,0.461,2.1505589485168457,13.605,0.07350000070095063,80.82916259765625,10.74,13.3,140.93456440082804,31.12234126647085,140.60852105950755,26.00,84.00,207.00,,,,
ArgusFF_20211029T143100Z_RectifiedVideo,2021-10-29T14:31:00+00:00,1386,114,0,500,1500,2012,512,500,0,0.5,20260901,random_uniform_yfrf,3002a14ead1c20db08e0bdcb6b6ff41b38710e691c1844abd812bff48d37204f,test,ArgusFF_20211029T143100Z_y1386_f1500.png,,,0.461,2.1505589485168457,13.605,0.07350000070095063,80.82916259765625,10.74,13.3,140.93456440082804,31.12234126647085,140.60852105950755,27.00,89.00,208.00,,,,
ArgusFF_20211029T143100Z_RectifiedVideo,2021-10-29T14:31:00+00:00,730,770,0,500,1603,2115,512,500,73,0.5,20260901,random_uniform_yfrf,3002a14ead1c20db08e0bdcb6b6ff41b38710e691c1844abd812bff48d37204f,test,ArgusFF_20211029T143100Z_y0730_f1603.png,,,0.461,2.1505589485168457,13.605,0.07350000070095063,80.82916259765625,10.74,13.3,140.93456440082804,31.12234126647085,140.60852105950755,0.00,99.00,228.00,,,,
ArgusFF_20211029T143100Z_RectifiedVideo,2021-10-29T14:31:00+00:00,415,1085,0,500,1636,2148,512,500,30,0.5,20260901,random_uniform_yfrf,3002a14ead1c20db08e0bdcb6b6ff41b38710e691c1844abd812bff48d37204f,test,ArgusFF_20211029T143100Z_y0415_f1636.png,,,0.461,2.1505589485168457,13.605,0.07350000070095063,80.82916259765625,10.74,13.3,140.93456440082804,31.12234126647085,140.60852105950755,0.00,117.00,252.00,,,,
ArgusFF_20211029T143100Z_RectifiedVideo,2021-10-29T14:31:00+00:00,420,1080,0,500,1669,2181,512,500,30,0.5,20260901,random_uniform_yfrf,3002a14ead1c20db08e0bdcb6b6ff41b38710e691c1844abd812bff48d37204f,test,ArgusFF_20211029T143100Z_y0420_f1669.png,,,0.461,2.1505589485168457,13.605,0.07350000070095063,80.82916259765625,10.74,13.3,140.93456440082804,31.12234126647085,140.60852105950755,0.00,115.00,254.00,,,,
ArgusFF_20211029T143100Z_RectifiedVideo,2021-10-29T14:31:00+00:00,324,1176,0,500,1702,2214,512,500,29,0.5,20260901,random_uniform_yfrf,3002a14ead1c20db08e0bdcb6b6ff41b38710e691c1844abd812bff48d37204f,test,ArgusFF_20211029T143100Z_y0324_f1702.png,,,0.461,2.1505589485168457,13.605,0.07350000070095063,80.82916259765625,10.74,13.3,140.93456440082804,31.12234126647085,140.60852105950755,0.00,114.00,250.00,,,,
ArgusFF_20211029T143100Z_RectifiedVideo,2021-10-29T14:31:00+00:00,821,679,0,500,1735,2247,512,500,20,0.5,20260901,random_uniform_yfrf,3002a14ead1c20db08e0bdcb6b6ff41b38710e691c1844abd812bff48d37204f,test,ArgusFF_20211029T143100Z_y0821_f1735.png,,,0.461,2.1505589485168457,13.605,0.07350000070095063,80.82916259765625,10.74,13.3,140.93456440082804,31.12234126647085,140.60852105950755,0.00,108.00,255.00,,,,
ArgusFF_20211029T143100Z_RectifiedVideo,2021-10-29T14:31:00+00:00,983,517,0,500,1801,2313,512,500,12,0.5,20260901,random_uniform_yfrf,3002a14ead1c20db08e0bdcb6b6ff41b38710e691c1844abd812bff48d37204f,test,ArgusFF_20211029T143100Z_y0983_f1801.png,,,0.461,2.1505589485168457,13.605,0.07350000070095063,80.82916259765625,10.74,13.3,140.93456440082804,31.12234126647085,140.60852105950755,0.00,94.00,255.00,,,,
ArgusFF_20211029T143100Z_RectifiedVideo,2021-10-29T14:31:00+00:00,833,667,0,500,1867,2379,512,500,19,0.5,20260901,random_uniform_yfrf,3002a14ead1c20db08e0bdcb6b6ff41b38710e691c1844abd812bff48d37204f,test,ArgusFF_20211029T143100Z_y0833_f1867.png,,,0.461,2.1505589485168457,13.605,0.07350000070095063,80.82916259765625,10.74,13.3,140.93456440082804,31.12234126647085,140.60852105950755,0.00,127.00,255.00,,,,
ArgusFF_20211029T143100Z_RectifiedVideo,2021-10-29T14:31:00+00:00,600,900,0,500,1933,2445,512,500,73,0.5,20260901,camera_seam_600_800,3002a14ead1c20db08e0bdcb6b6ff41b38710e691c1844abd812bff48d37204f,test,ArgusFF_20211029T143100Z_y0600_f1933.png,,,0.461,2.1505589485168457,13.605,0.07350000070095063,80.82916259765625,10.74,13.3,140.93456440082804,31.12234126647085,140.60852105950755,0.00,130.00,254.00,,,,
ArgusFF_20211029T143100Z_RectifiedVideo,2021-10-29T14:31:00+00:00,766,734,0,500,1999,2511,512,500,23,0.5,20260901,random_uniform_yfrf,3002a14ead1c20db08e0bdcb6b6ff41b38710e691c1844abd812bff48d37204f,test,ArgusFF_20211029T143100Z_y0766_f1999.png,,,0.461,2.1505589485168457,13.605,0.07350000070095063,80.82916259765625,10.74,13.3,140.93456440082804,31.12234126647085,140.60852105950755,0.00,151.00,255.00,,,,
ArgusFF_20211029T143100Z_RectifiedVideo,2021-10-29T14:31:00+00:00,1386,114,0,500,2065,2577,512,500,0,0.5,20260901,random_uniform_yfrf,3002a14ead1c20db08e0bdcb6b6ff41b38710e691c1844abd812bff48d37204f,test,ArgusFF_20211029T143100Z_y1386_f2065.png,,,0.461,2.1505589485168457,13.605,0.07350000070095063,80.82916259765625,10.74,13.3,140.93456440082804,31.12234126647085,140.60852105950755,37.00,160.00,255.00,,,,
ArgusFF_20211029T143100Z_RectifiedVideo,2021-10-29T14:31:00+00:00,1365,135,0,500,2131,2643,512,500,0,0.5,20260901,random_uniform_yfrf,3002a14ead1c20db08e0bdcb6b6ff41b38710e691c1844abd812bff48d37204f,test,ArgusFF_20211029T143100Z_y1365_f2131.png,,,0.461,2.1505589485168457,13.605,0.07350000070095063,80.82916259765625,10.74,13.3,140.93456440082804,31.12234126647085,140.60852105950755,37.00,173.00,255.00,,,,
ArgusFF_20211029T143100Z_RectifiedVideo,2021-10-29T14:31:00+00:00,730,770,0,500,2200,2712,512,500,73,0.5,20260901,random_uniform_yfrf,3002a14ead1c20db08e0bdcb6b6ff41b38710e691c1844abd812bff48d37204f,test,ArgusFF_20211029T143100Z_y0730_f2200.png,,,0.461,2.1505589485168457,13.605,0.07350000070095063,80.82916259765625,10.74,13.3,140.93456440082804,31.12234126647085,140.60852105950755,0.00,181.00,255.00,,,,
ArgusFF_20211029T143100Z_RectifiedVideo,2021-10-29T14:31:00+00:00,550,950,0,500,2307,2819,512,500,64,0.5,20260901,pier_around_550,3002a14ead1c20db08e0bdcb6b6ff41b38710e691c1844abd812bff48d37204f,test,ArgusFF_20211029T143100Z_y0550_f2307.png,,,0.461,2.1505589485168457,13.605,0.07350000070095063,80.82916259765625,10.74,13.3,140.93456440082804,31.12234126647085,140.60852105950755,0.00,138.00,255.00,,,,
ArgusFF_20211010T160100Z_RectifiedVideo,2021-10-10T16:01:00+00:00,300,1200,0,500,1504,2016,512,500,29,0.5,20260904,high_wave_high_wind_long_period,e782ccaec727f21df07af00136ea27d75fc7913c5a97e0d3c6c47c5acdb76fe0,test,ArgusFF_20211010T160100Z_y0300_f1504.png,0,0.000000,1.225,2.414,9.452,0.105798,68.31,12.98,16.80,29.1,45.92,162.44,0.00,88.00,167.00,done,,annotated,CVAT job 19; updated 2026-09-14 23:15:49.639554+00:00
ArgusFF_20211010T160100Z_RectifiedVideo,2021-10-10T16:01:00+00:00,550,950,0,500,1504,2016,512,500,63,0.5,20260904,high_wave_high_wind_long_period,e782ccaec727f21df07af00136ea27d75fc7913c5a97e0d3c6c47c5acdb76fe0,test,ArgusFF_20211010T160100Z_y0550_f1504.png,0,0.000000,1.225,2.414,9.452,0.105798,68.31,12.98,16.80,29.1,45.92,162.44,0.00,72.00,165.00,done,,annotated,CVAT job 19; updated 2026-09-14 23:15:49.639554+00:00
ArgusFF_20211010T160100Z_RectifiedVideo,2021-10-10T16:01:00+00:00,700,800,0,500,1504,2016,512,500,64,0.5,20260904,high_wave_high_wind_long_period,e782ccaec727f21df07af00136ea27d75fc7913c5a97e0d3c6c47c5acdb76fe0,test,ArgusFF_20211010T160100Z_y0700_f1504.png,0,0.000000,1.225,2.414,9.452,0.105798,68.31,12.98,16.80,29.1,45.92,162.44,0.00,72.00,154.00,done,,annotated,CVAT job 19; updated 2026-09-14 23:15:49.639554+00:00
ArgusFF_20211010T160100Z_RectifiedVideo,2021-10-10T16:01:00+00:00,900,600,0,500,1504,2016,512,500,16,0.5,20260904,high_wave_high_wind_long_period,e782ccaec727f21df07af00136ea27d75fc7913c5a97e0d3c6c47c5acdb76fe0,test,ArgusFF_20211010T160100Z_y0900_f1504.png,0,0.000000,1.225,2.414,9.452,0.105798,68.31,12.98,16.80,29.1,45.92,162.44,0.00,62.00,171.00,done,,annotated,CVAT job 19; updated 2026-09-14 23:15:49.639554+00:00
ArgusFF_20211010T160100Z_RectifiedVideo,2021-10-10T16:01:00+00:00,1100,400,0,500,1504,2016,512,500,6,0.5,20260904,high_wave_high_wind_long_period,e782ccaec727f21df07af00136ea27d75fc7913c5a97e0d3c6c47c5acdb76fe0,test,ArgusFF_20211010T160100Z_y1100_f1504.png,0,0.000000,1.225,2.414,9.452,0.105798,68.31,12.98,16.80,29.1,45.92,162.44,0.00,60.00,170.00,done,,annotated,CVAT job 19; updated 2026-09-14 23:15:49.639554+00:00
ArgusFF_20210920T190100Z_RectifiedVideo,2021-09-20T19:01:00+00:00,300,1200,0,500,1344,1856,512,500,29,0.5,20260904,short_period_wind_waves,e782ccaec727f21df07af00136ea27d75fc7913c5a97e0d3c6c47c5acdb76fe0,val,ArgusFF_20210920T190100Z_y0300_f1344.png,0,0.009895,-0.309,0.986,4.158,0.240500,61.48,8.33,10.00,45.3,44.75,226.75,0.00,43.00,249.00,done,,annotated,CVAT job 19; updated 2026-09-14 23:15:49.639554+00:00
ArgusFF_20210920T190100Z_RectifiedVideo,2021-09-20T19:01:00+00:00,550,950,0,500,1344,1856,512,500,65,0.5,20260904,short_period_wind_waves,e782ccaec727f21df07af00136ea27d75fc7913c5a97e0d3c6c47c5acdb76fe0,val,ArgusFF_20210920T190100Z_y0550_f1344.png,0,0.004223,-0.309,0.986,4.158,0.240500,61.48,8.33,10.00,45.3,44.75,226.75,0.00,31.00,231.00,done,,annotated,CVAT job 19; updated 2026-09-14 23:15:49.639554+00:00
ArgusFF_20210920T190100Z_RectifiedVideo,2021-09-20T19:01:00+00:00,700,800,0,500,1344,1856,512,500,64,0.5,20260904,short_period_wind_waves,e782ccaec727f21df07af00136ea27d75fc7913c5a97e0d3c6c47c5acdb76fe0,val,ArgusFF_20210920T190100Z_y0700_f1344.png,0,0.002785,-0.309,0.986,4.158,0.240500,61.48,8.33,10.00,45.3,44.75,226.75,0.00,37.00,216.00,done,,annotated,CVAT job 19; updated 2026-09-14 23:15:49.639554+00:00
ArgusFF_20210920T190100Z_RectifiedVideo,2021-09-20T19:01:00+00:00,900,600,0,500,1344,1856,512,500,16,0.5,20260904,short_period_wind_waves,e782ccaec727f21df07af00136ea27d75fc7913c5a97e0d3c6c47c5acdb76fe0,val,ArgusFF_20210920T190100Z_y0900_f1344.png,0,0.005586,-0.309,0.986,4.158,0.240500,61.48,8.33,10.00,45.3,44.75,226.75,0.00,35.00,231.01,done,,annotated,CVAT job 19; updated 2026-09-14 23:15:49.639554+00:00
ArgusFF_20210920T190100Z_RectifiedVideo,2021-09-20T19:01:00+00:00,1100,400,0,500,1344,1856,512,500,6,0.5,20260904,short_period_wind_waves,e782ccaec727f21df07af00136ea27d75fc7913c5a97e0d3c6c47c5acdb76fe0,val,ArgusFF_20210920T190100Z_y1100_f1344.png,0,0.009672,-0.309,0.986,4.158,0.240500,61.48,8.33,10.00,45.3,44.75,226.75,0.00,41.00,249.00,done,,annotated,CVAT job 19; updated 2026-09-14 23:15:49.639554+00:00
ArgusFF_20211029T113100Z_RectifiedVideo,2021-10-29T11:31:00+00:00,300,1200,0,500,1856,2368,512,500,29,0.5,20260904,high_wave_very_long_period_northerly,e782ccaec727f21df07af00136ea27d75fc7913c5a97e0d3c6c47c5acdb76fe0,val,ArgusFF_20211029T113100Z_y0300_f1856.png,0,0.024156,0.352,2.138,13.652,0.073249,78.51,12.65,16.10,127.8,0.93,107.14,0.00,147.00,252.00,done,,annotated,CVAT job 19; updated 2026-09-14 23:15:49.639554+00:00
ArgusFF_20211029T113100Z_RectifiedVideo,2021-10-29T11:31:00+00:00,550,950,0,500,1856,2368,512,500,64,0.5,20260904,high_wave_very_long_period_northerly,e782ccaec727f21df07af00136ea27d75fc7913c5a97e0d3c6c47c5acdb76fe0,val,ArgusFF_20211029T113100Z_y0550_f1856.png,0,0.013926,0.352,2.138,13.652,0.073249,78.51,12.65,16.10,127.8,0.93,107.14,0.00,60.00,251.00,done,,annotated,CVAT job 19; updated 2026-09-14 23:15:49.639554+00:00
ArgusFF_20211029T113100Z_RectifiedVideo,2021-10-29T11:31:00+00:00,700,800,0,500,1856,2368,512,500,64,0.5,20260904,high_wave_very_long_period_northerly,e782ccaec727f21df07af00136ea27d75fc7913c5a97e0d3c6c47c5acdb76fe0,val,ArgusFF_20211029T113100Z_y0700_f1856.png,0,0.034824,0.352,2.138,13.652,0.073249,78.51,12.65,16.10,127.8,0.93,107.14,0.00,121.00,255.00,done,,annotated,CVAT job 19; updated 2026-09-14 23:15:49.639554+00:00
ArgusFF_20211029T113100Z_RectifiedVideo,2021-10-29T11:31:00+00:00,900,600,0,500,1856,2368,512,500,16,0.5,20260904,high_wave_very_long_period_northerly,e782ccaec727f21df07af00136ea27d75fc7913c5a97e0d3c6c47c5acdb76fe0,val,ArgusFF_20211029T113100Z_y0900_f1856.png,0,0.021570,0.352,2.138,13.652,0.073249,78.51,12.65,16.10,127.8,0.93,107.14,0.00,135.00,252.00,done,,annotated,CVAT job 19; updated 2026-09-14 23:15:49.639554+00:00
ArgusFF_20211029T113100Z_RectifiedVideo,2021-10-29T11:31:00+00:00,1100,400,0,500,1856,2368,512,500,6,0.5,20260904,high_wave_very_long_period_northerly,e782ccaec727f21df07af00136ea27d75fc7913c5a97e0d3c6c47c5acdb76fe0,val,ArgusFF_20211029T113100Z_y1100_f1856.png,0,0.033727,0.352,2.138,13.652,0.073249,78.51,12.65,16.10,127.8,0.93,107.14,0.00,152.00,253.00,done,,annotated,CVAT job 19; updated 2026-09-14 23:15:49.639554+00:00
ArgusFF_20210929T120100Z_RectifiedVideo,2021-09-29T12:01:00+00:00,500,1000,0,500,1920,2432,512,500,46,0.5,20260904,low_wave_easterly_direction,e782ccaec727f21df07af00136ea27d75fc7913c5a97e0d3c6c47c5acdb76fe0,test,ArgusFF_20210929T120100Z_y0500_f1920.png,0,0.066270,-0.231,0.345,9.148,0.109314,88.14,2.06,3.00,336.4,12.34,101.89,0.00,167.00,255.00,done,,annotated,CVAT job 19; updated 2026-09-14 23:15:49.639554+00:00
ArgusFF_20210929T120100Z_RectifiedVideo,2021-09-29T12:01:00+00:00,650,850,0,500,1920,2432,512,500,71,0.5,20260904,low_wave_easterly_direction,e782ccaec727f21df07af00136ea27d75fc7913c5a97e0d3c6c47c5acdb76fe0,test,ArgusFF_20210929T120100Z_y0650_f1920.png,0,0.163586,-0.231,0.345,9.148,0.109314,88.14,2.06,3.00,336.4,12.34,101.89,0.00,188.00,255.00,done,,annotated,CVAT job 19; updated 2026-09-14 23:15:49.639554+00:00
ArgusFF_20210929T120100Z_RectifiedVideo,2021-09-29T12:01:00+00:00,800,700,0,500,1920,2432,512,500,21,0.5,20260904,low_wave_easterly_direction,e782ccaec727f21df07af00136ea27d75fc7913c5a97e0d3c6c47c5acdb76fe0,test,ArgusFF_20210929T120100Z_y0800_f1920.png,0,0.003141,-0.231,0.345,9.148,0.109314,88.14,2.06,3.00,336.4,12.34,101.89,0.00,176.00,228.00,done,,annotated,CVAT job 19; updated 2026-09-14 23:15:49.639554+00:00
ArgusFF_20210929T120100Z_RectifiedVideo,2021-09-29T12:01:00+00:00,950,550,0,500,1920,2432,512,500,13,0.5,20260904,low_wave_easterly_direction,e782ccaec727f21df07af00136ea27d75fc7913c5a97e0d3c6c47c5acdb76fe0,test,ArgusFF_20210929T120100Z_y0950_f1920.png,0,0.003828,-0.231,0.345,9.148,0.109314,88.14,2.06,3.00,336.4,12.34,101.89,0.00,176.00,234.00,done,,annotated,CVAT job 19; updated 2026-09-14 23:15:49.639554+00:00
ArgusFF_20210929T120100Z_RectifiedVideo,2021-09-29T12:01:00+00:00,1100,400,0,500,1920,2432,512,500,6,0.5,20260904,low_wave_easterly_direction,e782ccaec727f21df07af00136ea27d75fc7913c5a97e0d3c6c47c5acdb76fe0,test,ArgusFF_20210929T120100Z_y1100_f1920.png,0,0.006844,-0.231,0.345,9.148,0.109314,88.14,2.06,3.00,336.4,12.34,101.89,0.00,173.00,245.00,done,,annotated,CVAT job 19; updated 2026-09-14 23:15:49.639554+00:00
ArgusFF_20211007T210100Z_RectifiedVideo,2021-10-07T21:01:00+00:00,450,1050,0,500,1600,2112,512,500,54,0.5,20260916,late_day_high_frequency_overcast,e782ccaec727f21df07af00136ea27d75fc7913c5a97e0d3c6c47c5acdb76fe0,train,ArgusFF_20211007T210100Z_y0450_f1600.png,1602,0.000000,-0.172,1.1497948169708252,5.278786,0.1894375062328281,64.0547103881836,8.855555555555556,10.4,33.9999323411286,18.350604430712576,248.6654878621366,0.00,17.00,50.00,done,flipud(source_timestack) -> model/CVAT orientation,annotated,CVAT training extension import; cvat_job_20_export.zip
ArgusFF_20211011T130100Z_RectifiedVideo,2021-10-11T13:01:00+00:00,250,1250,0,500,2368,2880,512,500,28,0.5,20260916,high_wave_high_wind_bright,e782ccaec727f21df07af00136ea27d75fc7913c5a97e0d3c6c47c5acdb76fe0,train,ArgusFF_20211011T130100Z_y0250_f2368.png,488,0.208070,0.718,2.1636838912963867,6.617039,0.1511250033869148,56.47078323364258,12.3,16.7,13.429280668318341,21.46089337896834,116.32524960468443,0.00,220.00,255.00,done,flipud(source_timestack) -> model/CVAT orientation,annotated,CVAT training extension import; cvat_job_20_export.zip
ArgusFF_20211013T143100Z_RectifiedVideo,2021-10-13T14:31:00+00:00,850,650,0,500,2208,2720,512,500,18,0.5,20260916,midrange_wave_midmorning,e782ccaec727f21df07af00136ea27d75fc7913c5a97e0d3c6c47c5acdb76fe0,train,ArgusFF_20211013T143100Z_y0850_f2208.png,0,0.013078,0.208,1.0769879817962646,10.045519,0.09954687382814242,58.47148895263672,6.16,10.1,14.384106229219682,35.6158804807364,136.30092629617468,0.00,130.00,251.00,done,flipud(source_timestack) -> model/CVAT orientation,annotated,CVAT training extension import; cvat_job_20_export.zip
ArgusFF_20211014T123100Z_RectifiedVideo,2021-10-14T12:31:00+00:00,1250,250,0,500,1760,2272,512,500,0,0.5,20260916,low_wave_early_light,e782ccaec727f21df07af00136ea27d75fc7913c5a97e0d3c6c47c5acdb76fe0,train,ArgusFF_20211014T123100Z_y1250_f1760.png,0,0.009867,-0.211,0.8284242153167725,8.844666,0.11306250043129921,73.06697082519531,3.8899999999999997,5.2,339.8345410042087,15.319342373326045,112.07413713222971,46.00,139.00,249.00,done,flipud(source_timestack) -> model/CVAT orientation,annotated,CVAT training extension import; cvat_job_20_export.zip
ArgusFF_20211027T150100Z_RectifiedVideo,2021-10-27T15:01:00+00:00,1050,450,0,500,1888,2400,512,500,8,0.5,20260916,low_direction_windy_cloudy,e782ccaec727f21df07af00136ea27d75fc7913c5a97e0d3c6c47c5acdb76fe0,train,ArgusFF_20211027T150100Z_y1050_f1888.png,0,0.028520,0.775,1.1177327632904053,6.110952,0.16364062690807568,35.20743179321289,9.27,13.3,318.5015353232212,35.23711439578286,147.83652921187382,0.00,80.00,255.00,done,flipud(source_timestack) -> model/CVAT orientation,annotated,CVAT training extension import; cvat_job_20_export.zip
ArgusFF_20211026T160100Z_RectifiedVideo,2021-10-26T16:01:00+00:00,203,1297,0,500,1152,1664,512,500,28,0.5,20260916,inference_pool_overlap_replacement,e782ccaec727f21df07af00136ea27d75fc7913c5a97e0d3c6c47c5acdb76fe0,train,ArgusFF_20211026T160100Z_y0203_f1152.png,495,0.009836,0.580,1.118,9.823,0.101797,77.62,6.11,8.90,297.32,39.96,165.34,0.00,81.00,249.00,done,flipud(source_timestack) -> model/CVAT orientation,annotated,CVAT job 21; job_21_annotations_2026_09_16_20_59_47
ArgusFF_20211026T160100Z_RectifiedVideo,2021-10-26T16:01:00+00:00,324,1176,0,500,1152,1664,512,500,29,0.5,20260916,inference_pool_overlap_replacement,e782ccaec727f21df07af00136ea27d75fc7913c5a97e0d3c6c47c5acdb76fe0,train,ArgusFF_20211026T160100Z_y0324_f1152.png,331,0.004008,0.580,1.118,9.823,0.101797,77.62,6.11,8.90,297.32,39.96,165.34,0.00,77.00,240.00,done,flipud(source_timestack) -> model/CVAT orientation,annotated,CVAT job 21; job_21_annotations_2026_09_16_20_59_47
ArgusFF_20211026T160100Z_RectifiedVideo,2021-10-26T16:01:00+00:00,324,1176,0,500,1216,1728,512,500,29,0.5,20260916,inference_pool_overlap_replacement,e782ccaec727f21df07af00136ea27d75fc7913c5a97e0d3c6c47c5acdb76fe0,train,ArgusFF_20211026T160100Z_y0324_f1216.png,1483,0.005617,0.580,1.118,9.823,0.101797,77.62,6.11,8.90,297.32,39.96,165.34,0.00,77.00,243.00,done,flipud(source_timestack) -> model/CVAT orientation,annotated,CVAT job 21; job_21_annotations_2026_09_16_20_59_47
ArgusFF_20211026T160100Z_RectifiedVideo,2021-10-26T16:01:00+00:00,420,1080,0,500,1152,1664,512,500,30,0.5,20260916,inference_pool_overlap_replacement,e782ccaec727f21df07af00136ea27d75fc7913c5a97e0d3c6c47c5acdb76fe0,train,ArgusFF_20211026T160100Z_y0420_f1152.png,201,0.010898,0.580,1.118,9.823,0.101797,77.62,6.11,8.90,297.32,39.96,165.34,0.00,71.00,251.00,done,flipud(source_timestack) -> model/CVAT orientation,annotated,CVAT job 21; job_21_annotations_2026_09_16_20_59_47
ArgusFF_20211026T160100Z_RectifiedVideo,2021-10-26T16:01:00+00:00,650,850,0,500,1088,1600,512,500,69,0.5,20260916,inference_pool_overlap_replacement,e782ccaec727f21df07af00136ea27d75fc7913c5a97e0d3c6c47c5acdb76fe0,train,ArgusFF_20211026T160100Z_y0650_f1088.png,1927,0.008883,0.580,1.118,9.823,0.101797,77.62,6.11,8.90,297.32,39.96,165.34,0.00,52.00,246.00,done,flipud(source_timestack) -> model/CVAT orientation,annotated,CVAT job 21; job_21_annotations_2026_09_16_20_59_47
ArgusFF_20211026T160100Z_RectifiedVideo,2021-10-26T16:01:00+00:00,700,800,0,500,1152,1664,512,500,64,0.5,20260916,inference_pool_overlap_replacement,e782ccaec727f21df07af00136ea27d75fc7913c5a97e0d3c6c47c5acdb76fe0,train,ArgusFF_20211026T160100Z_y0700_f1152.png,1039,0.004574,0.580,1.118,9.823,0.101797,77.62,6.11,8.90,297.32,39.96,165.34,0.00,54.00,229.00,done,flipud(source_timestack) -> model/CVAT orientation,annotated,CVAT job 21; job_21_annotations_2026_09_16_20_59_47
ArgusFF_20211026T160100Z_RectifiedVideo,2021-10-26T16:01:00+00:00,766,734,0,500,1152,1664,512,500,23,0.5,20260916,inference_pool_overlap_replacement,e782ccaec727f21df07af00136ea27d75fc7913c5a97e0d3c6c47c5acdb76fe0,train,ArgusFF_20211026T160100Z_y0766_f1152.png,838,0.007090,0.580,1.118,9.823,0.101797,77.62,6.11,8.90,297.32,39.96,165.34,0.00,58.00,244.00,done,flipud(source_timestack) -> model/CVAT orientation,annotated,CVAT job 21; job_21_annotations_2026_09_16_20_59_47
ArgusFF_20211026T160100Z_RectifiedVideo,2021-10-26T16:01:00+00:00,821,679,0,500,1088,1600,512,500,20,0.5,20260916,inference_pool_overlap_replacement,e782ccaec727f21df07af00136ea27d75fc7913c5a97e0d3c6c47c5acdb76fe0,train,ArgusFF_20211026T160100Z_y0821_f1088.png,990,0.008039,0.580,1.118,9.823,0.101797,77.62,6.11,8.90,297.32,39.96,165.34,0.00,58.00,246.00,done,flipud(source_timestack) -> model/CVAT orientation,annotated,CVAT job 21; job_21_annotations_2026_09_16_20_59_47
ArgusFF_20211026T160100Z_RectifiedVideo,2021-10-26T16:01:00+00:00,821,679,0,500,1152,1664,512,500,20,0.5,20260916,inference_pool_overlap_replacement,e782ccaec727f21df07af00136ea27d75fc7913c5a97e0d3c6c47c5acdb76fe0,train,ArgusFF_20211026T160100Z_y0821_f1152.png,674,0.009238,0.580,1.118,9.823,0.101797,77.62,6.11,8.90,297.32,39.96,165.34,0.00,58.00,248.00,done,flipud(source_timestack) -> model/CVAT orientation,annotated,CVAT job 21; job_21_annotations_2026_09_16_20_59_47
ArgusFF_20211026T160100Z_RectifiedVideo,2021-10-26T16:01:00+00:00,833,667,0,500,1152,1664,512,500,19,0.5,20260916,inference_pool_overlap_replacement,e782ccaec727f21df07af00136ea27d75fc7913c5a97e0d3c6c47c5acdb76fe0,train,ArgusFF_20211026T160100Z_y0833_f1152.png,639,0.010199,0.580,1.118,9.823,0.101797,77.62,6.11,8.90,297.32,39.96,165.34,0.00,57.00,250.00,done,flipud(source_timestack) -> model/CVAT orientation,annotated,CVAT job 21; job_21_annotations_2026_09_16_20_59_47
ArgusFF_20211026T160100Z_RectifiedVideo,2021-10-26T16:01:00+00:00,983,517,0,500,2432,2944,512,500,12,0.5,20260916,inference_pool_overlap_replacement,e782ccaec727f21df07af00136ea27d75fc7913c5a97e0d3c6c47c5acdb76fe0,train,ArgusFF_20211026T160100Z_y0983_f2432.png,0,0.005957,0.580,1.118,9.823,0.101797,77.62,6.11,8.90,297.32,39.96,165.34,0.00,52.00,238.00,done,flipud(source_timestack) -> model/CVAT orientation,annotated,CVAT job 21; job_21_annotations_2026_09_16_20_59_47
ArgusFF_20211026T160100Z_RectifiedVideo,2021-10-26T16:01:00+00:00,983,517,0,500,2496,3008,512,500,12,0.5,20260916,inference_pool_overlap_replacement,e782ccaec727f21df07af00136ea27d75fc7913c5a97e0d3c6c47c5acdb76fe0,train,ArgusFF_20211026T160100Z_y0983_f2496.png,0,0.006016,0.580,1.118,9.823,0.101797,77.62,6.11,8.90,297.32,39.96,165.34,0.00,52.00,238.00,done,flipud(source_timestack) -> model/CVAT orientation,annotated,CVAT job 21; job_21_annotations_2026_09_16_20_59_47
ArgusFF_20211026T160100Z_RectifiedVideo,2021-10-26T16:01:00+00:00,1342,158,0,500,2432,2944,512,500,0,0.5,20260916,inference_pool_overlap_replacement,e782ccaec727f21df07af00136ea27d75fc7913c5a97e0d3c6c47c5acdb76fe0,train,ArgusFF_20211026T160100Z_y1342_f2432.png,0,0.009395,0.580,1.118,9.823,0.101797,77.62,6.11,8.90,297.32,39.96,165.34,36.00,71.00,249.00,done,flipud(source_timestack) -> model/CVAT orientation,annotated,CVAT job 21; job_21_annotations_2026_09_16_20_59_47
ArgusFF_20211026T160100Z_RectifiedVideo,2021-10-26T16:01:00+00:00,1342,158,0,500,2496,3008,512,500,0,0.5,20260916,inference_pool_overlap_replacement,e782ccaec727f21df07af00136ea27d75fc7913c5a97e0d3c6c47c5acdb76fe0,train,ArgusFF_20211026T160100Z_y1342_f2496.png,0,0.009062,0.580,1.118,9.823,0.101797,77.62,6.11,8.90,297.32,39.96,165.34,36.00,71.00,248.00,done,flipud(source_timestack) -> model/CVAT orientation,annotated,CVAT job 21; job_21_annotations_2026_09_16_20_59_47
